country,date,ML,Low_90,High_90
Austria,2020-03-09,2.37615607751571,1.397066812628896,3.1985854276235615
Austria,2020-03-10,2.3729094785455276,1.3939437276671969,3.15818091128573
Austria,2020-03-11,2.320288203523614,1.4796271545715358,3.100849155519387
Austria,2020-03-12,2.213237641173536,1.4277330737706118,2.9133006194746343
Austria,2020-03-13,2.0453049968190493,1.3573332967426621,2.613229423480299
Austria,2020-03-14,1.9725042091479406,1.349869018899506,2.5162068039616683
Austria,2020-03-15,1.9207886953396238,1.3250870375056691,2.4136004832825213
Austria,2020-03-16,1.9251840642021902,1.3393552145624152,2.425391339748744
Austria,2020-03-17,1.8684056280013934,1.2758278396884024,2.3170040808118397
Austria,2020-03-18,1.7728146215531835,1.301539648937915,2.2342481638273712
Austria,2020-03-19,1.6985279659070227,1.2626417888738914,2.0812764444246588
Austria,2020-03-20,1.6596166519302935,1.2411395042675484,2.017430939722385
Austria,2020-03-21,1.5934484859988323,1.219380740096769,1.9331387496031287
Austria,2020-03-22,1.5298432068430479,1.1815454141793353,1.822756540404806
Austria,2020-03-23,1.4817339653150798,1.1445548602372653,1.750583179157541
Austria,2020-03-24,1.3422354215327674,1.0743806817922517,1.5970005488059198
Austria,2020-03-25,1.1538322789590683,0.9425818571967842,1.3905107859115358
Austria,2020-03-26,0.9410146603282263,0.7577441029500254,1.1343420062097769
Austria,2020-03-27,0.83426700020977,0.6478857069911982,1.0191184835126677
Austria,2020-03-28,0.7690990253905534,0.5835929048658831,0.9615725060206642
Austria,2020-03-29,0.7248111311212462,0.5205138513807581,0.931924417748208
Austria,2020-03-30,0.6720159300514676,0.44543572524027436,0.8755641238363675
Austria,2020-03-31,0.6387039909923099,0.41531252465001756,0.870526019590267
Austria,2020-04-01,0.5877633520562385,0.34516585049855336,0.8177094897924391
Austria,2020-04-02,0.5557923890516175,0.34114125298375947,0.8139273899864746
Austria,2020-04-03,0.5485587751368992,0.33693047373035634,0.8148715238333689
Austria,2020-04-04,0.5734937027986555,0.33999032605009916,0.8366630951629547
Austria,2020-04-05,0.6201668073796174,0.364309101811128,0.8873532768879766
Austria,2020-04-06,0.6754902391440841,0.39452572169827915,0.9566917268499961
Austria,2020-04-07,0.6982957244150649,0.4052640852939012,0.9987834553832404
Austria,2020-04-08,0.6875432589769161,0.3900611907284923,0.9908351153754547
Austria,2020-04-09,0.6420099904205161,0.3514054335065605,0.9301409625847764
Austria,2020-04-10,0.5830288670872623,0.3236716219828315,0.8593179189031616
Austria,2020-04-11,0.5458993206504348,0.26299182634666735,0.7953580208516415
Austria,2020-04-12,0.5212354376336619,0.2690342506852358,0.7963258144510557
Austria,2020-04-13,0.5127895607334673,0.24481621609133877,0.7741239486986868
Austria,2020-04-14,0.5140243255471281,0.25999896667650335,0.8024844621287459
Austria,2020-04-15,0.5168070307082768,0.23210324160338525,0.7923746610156909
Austria,2020-04-16,0.5208951502353661,0.24776881878843557,0.8196700791742157
Austria,2020-04-17,0.522255491398676,0.24092188109823082,0.8318953537381709
Austria,2020-04-18,0.5258197891589733,0.25308784958915864,0.8436876413400617
Austria,2020-04-19,0.5410082704605872,0.2268802112475788,0.8473605566194651
Austria,2020-04-20,0.5657005301855302,0.21716089823719176,0.8882832719500492
Austria,2020-04-21,0.5881755049085556,0.18854360587420607,0.9103805625376113
Austria,2020-04-22,0.612739604789912,0.19691045796102705,0.9727241359902162
Austria,2020-04-23,0.6288509478872907,0.182818966171911,1.0172141435722277
Austria,2020-04-24,0.6423316875482407,0.1665367217150122,1.0493320798118784
Belgium,2020-03-06,1.8139244381119588,1.0882355225410278,2.5779067662660924
Belgium,2020-03-07,1.7979223858536044,1.1502395668931422,2.4841352134090817
Belgium,2020-03-08,1.8125478315435488,1.1427969415709267,2.4398597681723238
Belgium,2020-03-09,1.8751463117770166,1.2244298214101625,2.5107438494633363
Belgium,2020-03-10,2.000139389636181,1.3086039411107642,2.647115483071686
Belgium,2020-03-11,2.1468562098642625,1.3732688010801763,2.832976401913045
Belgium,2020-03-12,2.2441608094278176,1.5022012291862163,3.031536400048723
Belgium,2020-03-13,2.1966991497929462,1.4472013861544992,2.824337453767874
Belgium,2020-03-14,2.088461241869178,1.462884309946846,2.7000194069446297
Belgium,2020-03-15,1.9916366899948246,1.4495220212716482,2.547178953011186
Belgium,2020-03-16,1.963057482238838,1.40923916969003,2.471420475345083
Belgium,2020-03-17,1.9998309153182032,1.4515893630742438,2.546269532223138
Belgium,2020-03-18,2.0760319808602317,1.4629105455713014,2.648839287973218
Belgium,2020-03-19,2.0536489773250217,1.4792256568480617,2.629824903310571
Belgium,2020-03-20,1.9039136184984429,1.4116445876971506,2.384382814974854
Belgium,2020-03-21,1.7831838686382304,1.3540775558178686,2.191772915906258
Belgium,2020-03-22,1.7320954336888852,1.2770582552770433,2.081515302447214
Belgium,2020-03-23,1.835110411176866,1.3457084819798846,2.2379857725532384
Belgium,2020-03-24,1.9689090721634883,1.466857928495384,2.4578742268636757
Belgium,2020-03-25,2.233503641079245,1.5427574862449076,2.8100233490392323
Belgium,2020-03-26,2.2206639661216,1.5072982516403792,2.753164713212037
Belgium,2020-03-27,1.92570192619799,1.422967503531414,2.377678406116481
Belgium,2020-03-28,1.4063954277748827,1.0934959216211098,1.6964998635218917
Belgium,2020-03-29,1.071707940533736,0.8762688969992564,1.2745963705907872
Belgium,2020-03-30,0.9423779798096816,0.7742995411611753,1.1033275987988778
Belgium,2020-03-31,0.9465018115064443,0.784601401220242,1.0972343459115972
Belgium,2020-04-01,1.0053192610858441,0.8513211173601773,1.1679780972585643
Belgium,2020-04-02,1.090969406832738,0.9287766777713864,1.2753781245804734
Belgium,2020-04-03,1.1158530907106845,0.9385370008250705,1.2840452108529716
Belgium,2020-04-04,1.0716587310523544,0.9068930374760852,1.2200005614214084
Belgium,2020-04-05,1.0046426240617623,0.8457294244167258,1.1526797212844508
Belgium,2020-04-06,1.0017813533045365,0.8509403771045823,1.1487423193673045
Belgium,2020-04-07,1.0431458491987964,0.8759813666715158,1.1870468818592976
Belgium,2020-04-08,1.0775509229004188,0.9290997610109641,1.2485756494306475
Belgium,2020-04-09,1.1044655587301087,0.9172626135084752,1.2734160305253066
Belgium,2020-04-10,1.0115854649554334,0.8337492893221239,1.1784124373079272
Belgium,2020-04-11,0.8900183411139877,0.744723618558479,1.044643444078151
Belgium,2020-04-12,0.9070727479212571,0.7451376874419074,1.0416782434055538
Belgium,2020-04-13,0.9066089888898511,0.7596230701996869,1.0528607182904315
Belgium,2020-04-14,0.9611815767409829,0.8049662874900446,1.1181452424839162
Belgium,2020-04-15,0.9878786087018496,0.8372475544321369,1.1499973865582727
Belgium,2020-04-16,0.9617716194084335,0.7944011672251755,1.1190972137498025
Belgium,2020-04-17,0.9242712684805535,0.7481499665358128,1.0853193359223083
Belgium,2020-04-18,0.8269924858749924,0.6480286963874912,0.9983521686325918
Belgium,2020-04-19,0.7320714875885421,0.5615922958714767,0.9162738519801029
Belgium,2020-04-20,0.7229109155903446,0.5463998818024539,0.913404114992827
Belgium,2020-04-21,0.705105298533735,0.5272537562348316,0.8996172707372627
Belgium,2020-04-22,0.6953457664545346,0.49551056655793585,0.8864744669416523
Belgium,2020-04-23,0.6833030233648462,0.47820841492516797,0.9044824312545081
Belgium,2020-04-24,0.6956650253310972,0.4226913409055546,0.9586238047549319
Bulgaria,2020-03-28,1.0865634287217434,0.6313541179671177,1.5815122400342234
Bulgaria,2020-03-29,1.0831675228161206,0.641272024092412,1.5435643441024443
Bulgaria,2020-03-30,1.081767203800848,0.6508379496968173,1.5595396522553493
Bulgaria,2020-03-31,1.0801959566215873,0.6433773394456047,1.5280114448310145
Bulgaria,2020-04-01,1.0803411503341662,0.5948830105286109,1.4656959769591629
Bulgaria,2020-04-02,1.0789342306724798,0.6478320949558583,1.5091123728598088
Bulgaria,2020-04-03,1.0767412385363806,0.6369577200383162,1.4839359591227952
Bulgaria,2020-04-04,1.0775052270136207,0.6368791883544377,1.4814469098050886
Bulgaria,2020-04-05,1.0803844585705102,0.6681136374694242,1.5230419413956755
Bulgaria,2020-04-06,1.0861306026226119,0.6561734885844116,1.4966792218635994
Bulgaria,2020-04-07,1.0920582485678585,0.6590026120119938,1.5042218271052548
Bulgaria,2020-04-08,1.0980325443471852,0.6872140917621955,1.5181547030809037
Bulgaria,2020-04-09,1.108468679093461,0.6779679001356,1.513543313169483
Bulgaria,2020-04-10,1.1179286101583379,0.6844591839415437,1.52346196794181
Bulgaria,2020-04-11,1.1324728441520093,0.6823787875342942,1.5377916320806355
Bulgaria,2020-04-12,1.150508042506536,0.7258277022170786,1.5952764702448055
Bulgaria,2020-04-13,1.1716886290195976,0.768217521529201,1.646666379407887
Bulgaria,2020-04-14,1.183996375189209,0.7386696592684968,1.621158097486858
Bulgaria,2020-04-15,1.1924351557514392,0.7966417905058336,1.6774268770351732
Bulgaria,2020-04-16,1.1974059493227431,0.7651484904664178,1.6535584957325957
Bulgaria,2020-04-17,1.1891000651079258,0.7414712389418118,1.6024588446272514
Bulgaria,2020-04-18,1.1899483591528097,0.8098972672289512,1.677497335295351
Bulgaria,2020-04-19,1.1958080069717143,0.7802917228765003,1.6513887628973503
Bulgaria,2020-04-20,1.2075463931427608,0.7833052708291824,1.6782446045365358
Bulgaria,2020-04-21,1.2238345913153046,0.6996856723660468,1.6460152365332554
Bulgaria,2020-04-22,1.2309752839649797,0.7720508129592352,1.745156994605309
Bulgaria,2020-04-23,1.2370802584183374,0.7367423106193137,1.7454422075955693
Bulgaria,2020-04-24,1.2449390532392826,0.7015627654058397,1.7763054001451348
Croatia,2020-03-20,1.4830728641514903,0.7066591965093789,2.1859438363191965
Croatia,2020-03-21,1.4422340268109322,0.7424930123723548,2.0809080254096473
Croatia,2020-03-22,1.377662944925249,0.8028797559921466,1.9757711041392334
Croatia,2020-03-23,1.3173120976556987,0.7997965571516127,1.8670483907191664
Croatia,2020-03-24,1.2627885466000373,0.7950958767879113,1.760197126292527
Croatia,2020-03-25,1.2050332948595142,0.8038186692902527,1.6590454786350772
Croatia,2020-03-26,1.1599914986732918,0.7531253626082857,1.5540123999578648
Croatia,2020-03-27,1.117034371683443,0.7550953682311037,1.5051164281259195
Croatia,2020-03-28,1.0776877553934618,0.7094732074334097,1.419588922346049
Croatia,2020-03-29,1.0483054941729,0.6727463160893031,1.3715066942426406
Croatia,2020-03-30,1.0088087506316545,0.6737010594335973,1.346384471969888
Croatia,2020-03-31,0.9769210988153231,0.6412501638435034,1.3080314229504961
Croatia,2020-04-01,0.9489745026708557,0.6216739961685382,1.277449473425232
Croatia,2020-04-02,0.9253933073523094,0.6017478394009906,1.270350010743978
Croatia,2020-04-03,0.9070946042019068,0.55806676829977,1.2146345770035767
Croatia,2020-04-04,0.9009955588160106,0.551717497070829,1.219026523560863
Croatia,2020-04-05,0.9028265786937157,0.5458064932394822,1.2166276109390886
Croatia,2020-04-06,0.9051165113848445,0.5654691581066327,1.2386104699149136
Croatia,2020-04-07,0.9078088529490431,0.579147038617296,1.2685713126971079
Croatia,2020-04-08,0.899332323054684,0.5632972067964861,1.2605532528957086
Croatia,2020-04-09,0.8848164563714253,0.5504108530865099,1.2606090388555915
Croatia,2020-04-10,0.8642852027693947,0.5255852191536099,1.228223692818422
Croatia,2020-04-11,0.8414027256044099,0.4944279677381766,1.2004747667291937
Croatia,2020-04-12,0.8206681990106122,0.44904025781618556,1.161781921982747
Croatia,2020-04-13,0.8051977063868405,0.4424141773963979,1.1639692033127684
Croatia,2020-04-14,0.7922395732886011,0.40396325370273845,1.138898240385694
Croatia,2020-04-15,0.7827773798332983,0.39937906868290335,1.1432260475710825
Croatia,2020-04-16,0.7787509604759255,0.3772685508330346,1.133480652620144
Croatia,2020-04-17,0.7778848084581075,0.40635175184239414,1.1742028170378878
Croatia,2020-04-18,0.7837015091860459,0.3761419402634074,1.174383762291123
Croatia,2020-04-19,0.7959052499408209,0.36289345843716375,1.1882873365030142
Croatia,2020-04-20,0.8062536695234694,0.3636255501531566,1.2060179689466408
Croatia,2020-04-21,0.8201426483750245,0.3497216636837352,1.2443721379759993
Croatia,2020-04-22,0.831724195356606,0.3226753482901163,1.2548022614526455
Croatia,2020-04-23,0.8367776135633532,0.3147300068302253,1.2770247734832623
Croatia,2020-04-24,0.8455736195461812,0.2701807621919479,1.282572735559808
Cyprus,2020-03-30,0.9066474079329614,0.2847068957424097,1.424641646064178
Cyprus,2020-03-31,0.8866630668078593,0.32632495627540203,1.4137235027208777
Cyprus,2020-04-01,0.8609803719882089,0.27890480750271807,1.3273902608002683
Cyprus,2020-04-02,0.8220531533879412,0.27585584473939107,1.2293565987317832
Cyprus,2020-04-03,0.7929517370932453,0.32213320085712827,1.2288625100131403
Cyprus,2020-04-04,0.7712724747576135,0.3409997986865416,1.2245644712132189
Cyprus,2020-04-05,0.7605236507390128,0.2952355007236503,1.1591404548309765
Cyprus,2020-04-06,0.7550928676541123,0.2620724807948702,1.1416411763006917
Cyprus,2020-04-07,0.7525565058031037,0.28597403591832,1.1484809709018797
Cyprus,2020-04-08,0.7438460266177688,0.28854057979649494,1.1588215952498024
Cyprus,2020-04-09,0.7331285666654703,0.23033157610654006,1.1022972752942644
Cyprus,2020-04-10,0.7222770574478762,0.2564641227306365,1.1216340246609446
Cyprus,2020-04-11,0.7104930058631231,0.25843265036387664,1.1201677453336616
Cyprus,2020-04-12,0.6992216617261586,0.23175583790743975,1.0826431839190398
Cyprus,2020-04-13,0.6877844569464503,0.2389099630700374,1.1050754918800267
Cyprus,2020-04-14,0.6757824006404145,0.20056195600552454,1.067813841004931
Cyprus,2020-04-15,0.6686127145868644,0.21050096851579236,1.0881844222534818
Cyprus,2020-04-16,0.6614643087063908,0.1590551623437953,1.0415817854956322
Cyprus,2020-04-17,0.6549660430919333,0.16406813055037103,1.0556488206135448
Cyprus,2020-04-18,0.6523829275622574,0.1757705988921523,1.0758565762834544
Cyprus,2020-04-19,0.6533014084913112,0.17884509861694553,1.0940223544084553
Cyprus,2020-04-20,0.6537497151596449,0.1662789560509192,1.0978155040438233
Cyprus,2020-04-21,0.6538337944034919,0.15275113439532007,1.1015929680692957
Cyprus,2020-04-22,0.6557523855865991,0.13141092495361437,1.090189360118758
Cyprus,2020-04-23,0.6632525796708971,0.12234284584838757,1.1075322637155236
Cyprus,2020-04-24,0.6757357158272593,0.08726744748965928,1.118292994387403
Czechia,2020-03-12,2.019561259811347,1.2247217378365656,2.8228196397305623
Czechia,2020-03-13,1.9933594259531,1.2240648547270172,2.671921881932165
Czechia,2020-03-14,1.9585648598872398,1.2857359894408515,2.6548865521323597
Czechia,2020-03-15,1.9241011782238953,1.286438633765997,2.553237718779619
Czechia,2020-03-16,1.9173929690618419,1.2924470675276654,2.518588545238676
Czechia,2020-03-17,1.8810926921242377,1.2730016810128508,2.4552833012307587
Czechia,2020-03-18,1.7748797469535023,1.2150033856469742,2.2578702300075566
Czechia,2020-03-19,1.6636252442653066,1.1838333707105786,2.119064107772785
Czechia,2020-03-20,1.5333152235075767,1.127138608581332,1.9595837060118606
Czechia,2020-03-21,1.4705714296478312,1.1088043567012835,1.8389239691528427
Czechia,2020-03-22,1.4859302075213716,1.0845031357529595,1.8581565586859836
Czechia,2020-03-23,1.5653720079890132,1.1436746156049784,1.962394276933512
Czechia,2020-03-24,1.6129400163615533,1.1783140165343478,2.038217111002531
Czechia,2020-03-25,1.6249696564497873,1.1730803977073827,2.1061522581524685
Czechia,2020-03-26,1.439066315517251,1.0590783877111591,1.817646280792878
Czechia,2020-03-27,1.2391240584084537,0.9194681912750057,1.5466607671300288
Czechia,2020-03-28,1.0928456735248813,0.8249466585006655,1.3554983712786373
Czechia,2020-03-29,1.0152930767641055,0.7626777626250794,1.2562679043364
Czechia,2020-03-30,0.9907835108205408,0.7638853452065271,1.2231033417342028
Czechia,2020-03-31,0.9994804631089558,0.7773817581039969,1.2706218595423695
Czechia,2020-04-01,0.9795952954209317,0.7148486912922053,1.219122989809683
Czechia,2020-04-02,0.9329489929899661,0.6701504858212158,1.169953567244179
Czechia,2020-04-03,0.8704375766417168,0.6089387165632942,1.094438769364828
Czechia,2020-04-04,0.8144463037576128,0.5578078809668707,1.026085452201633
Czechia,2020-04-05,0.7895109367932615,0.5560923453133759,1.021920850352195
Czechia,2020-04-06,0.7781554232840124,0.5051709386771133,0.9999251401126256
Czechia,2020-04-07,0.7602281187655191,0.49024385962929257,1.0003404067681638
Czechia,2020-04-08,0.7339216663042782,0.46990503159827207,0.9913703043974961
Czechia,2020-04-09,0.6921350465377384,0.4341654247347208,0.9493102157547942
Czechia,2020-04-10,0.648905870339681,0.399346341032235,0.9018435837936033
Czechia,2020-04-11,0.6313304836684968,0.38060095904349783,0.881232927007042
Czechia,2020-04-12,0.6339720944271242,0.37596911636101826,0.8839734093586142
Czechia,2020-04-13,0.6598229323352339,0.39121441763549003,0.925000307653619
Czechia,2020-04-14,0.7013869737648729,0.4150645379148867,0.9789933118749058
Czechia,2020-04-15,0.7404002290629227,0.4016978586805649,1.0227990185958242
Czechia,2020-04-16,0.7677296193465417,0.41812914465713047,1.0673453801601236
Czechia,2020-04-17,0.7726531769873829,0.45205495675249097,1.1167116953451481
Czechia,2020-04-18,0.7622088961452622,0.40636829854483447,1.0658646494537731
Czechia,2020-04-19,0.7430334429491633,0.4052881027540053,1.0429863852202874
Czechia,2020-04-20,0.7239753666327183,0.42165065127700224,1.0562195195022612
Czechia,2020-04-21,0.7079641547192416,0.35026792676681007,1.0085743074721596
Czechia,2020-04-22,0.6956760271841974,0.34396624406688076,1.027255967247818
Czechia,2020-04-23,0.6903306567848094,0.32215156417936863,1.0335920704439427
Czechia,2020-04-24,0.6969834490870552,0.2996279653722123,1.0710629031200571
Denmark,2020-03-08,3.940476236431208,2.095187434932747,5.691611474081875
Denmark,2020-03-09,3.259425170231636,1.9480354589977016,4.609887891451723
Denmark,2020-03-10,2.4279022774072496,1.4324816260123574,3.3067726322151034
Denmark,2020-03-11,1.5343513280638217,0.9639121789009902,2.2024529909106043
Denmark,2020-03-12,0.9791304795278886,0.5282367576735757,1.3649443883273282
Denmark,2020-03-13,0.7426101125472043,0.41229914158309267,1.029863664265404
Denmark,2020-03-14,0.6786119678681302,0.37281915973438545,0.959823094987764
Denmark,2020-03-15,0.6870438563611077,0.3805796327298712,0.958898855757044
Denmark,2020-03-16,0.7672292984136181,0.41423346590890986,1.0884947936773226
Denmark,2020-03-17,0.8954070749983958,0.5164200366950416,1.3015176153545125
Denmark,2020-03-18,0.988940180504567,0.5554141782395969,1.3878002588380605
Denmark,2020-03-19,1.0383240011282933,0.6242813880630745,1.4309759609727126
Denmark,2020-03-20,1.0979085306193215,0.6484446875064224,1.4540826196930543
Denmark,2020-03-21,1.1928422405806345,0.7344846651385174,1.5993827392857143
Denmark,2020-03-22,1.3210343269367701,0.8489104662588677,1.7937566611230147
Denmark,2020-03-23,1.4504370406426144,1.0100910253902902,1.961032409799075
Denmark,2020-03-24,1.5252524743488955,1.027176180040116,1.9974911051723985
Denmark,2020-03-25,1.5428850290182483,1.0824727390506075,2.0231343719208787
Denmark,2020-03-26,1.5134657713827246,1.065381521790163,1.9322758972096656
Denmark,2020-03-27,1.4689675288497477,1.0508728694940253,1.8523554401664502
Denmark,2020-03-28,1.456655337738772,1.0621931166037384,1.8312169053596055
Denmark,2020-03-29,1.4546103453467776,1.0755885389682458,1.8229223016809948
Denmark,2020-03-30,1.4597245130491994,1.0552894566555882,1.8334344548841994
Denmark,2020-03-31,1.4743870510111499,1.0837816153661182,1.8550110748161537
Denmark,2020-04-01,1.4229035468766593,1.0687455549798242,1.7920994765186384
Denmark,2020-04-02,1.3311278686192627,0.9770419921416992,1.6460843589990208
Denmark,2020-04-03,1.2383773878687718,0.9273280801178951,1.53303848710687
Denmark,2020-04-04,1.136147068452909,0.8522166298230314,1.4288739909617152
Denmark,2020-04-05,1.0409639910290107,0.7611874810492172,1.3093195755499232
Denmark,2020-04-06,0.9200436429680343,0.6377240158795568,1.1902733100430773
Denmark,2020-04-07,0.7929922043233112,0.5178200039832827,1.067634999721954
Denmark,2020-04-08,0.688194504147534,0.4225829249941241,0.950789793501856
Denmark,2020-04-09,0.6230294710025892,0.36632976976552845,0.8787742181551262
Denmark,2020-04-10,0.5956291839633437,0.35360299733964384,0.8571736342005255
Denmark,2020-04-11,0.6127415347484786,0.3404470001479433,0.8603822591456881
Denmark,2020-04-12,0.6723362199045805,0.37225777041739616,0.9374445241198984
Denmark,2020-04-13,0.7710776584272565,0.4659695654372444,1.0932655083221205
Denmark,2020-04-14,0.8501225637446987,0.495710228042652,1.1554597361184187
Denmark,2020-04-15,0.8892260736683321,0.5482051626894514,1.1798114288632922
Denmark,2020-04-16,0.8909535146095111,0.5718837130644705,1.1970796592521455
Denmark,2020-04-17,0.8833362099831809,0.582727432915785,1.1832029613361694
Denmark,2020-04-18,0.8843411185688711,0.6013335374897325,1.186291009361289
Denmark,2020-04-19,0.9154264697421554,0.6008768536384025,1.224471684191769
Denmark,2020-04-20,0.9518975559791446,0.6211899807472279,1.2528328075211568
Denmark,2020-04-21,0.9927333283133206,0.6394127650131463,1.305061913656658
Denmark,2020-04-22,1.0222039120667819,0.6746912396354398,1.37214760020076
Denmark,2020-04-23,1.038999020990437,0.5882640516343699,1.3985992308022928
Denmark,2020-04-24,1.0771637236375653,0.4995996079130925,1.5647239829883612
Estonia,2020-03-14,1.0085348130292426,0.49660125991986676,1.4738736287569794
Estonia,2020-03-15,0.9880601140405227,0.5200101214070194,1.433523540100743
Estonia,2020-03-16,0.9602116818849196,0.5133641531708074,1.3618526357831933
Estonia,2020-03-17,0.9491453854735655,0.5280285027500708,1.3570590690810778
Estonia,2020-03-18,0.9545299454851297,0.5405089733519512,1.3551645925599551
Estonia,2020-03-19,0.9734215052637539,0.5533723957840063,1.3854508873366496
Estonia,2020-03-20,1.012344972675161,0.5705654234423662,1.4522528246273316
Estonia,2020-03-21,1.0572416788617867,0.5762847981120547,1.527890337159444
Estonia,2020-03-22,1.1170185121515408,0.6128541809031646,1.6617082893567725
Estonia,2020-03-23,1.199147563057781,0.5609757614976866,1.8076139131444138
Estonia,2020-03-24,1.2172558784233416,0.605550334715573,1.8939050255947387
Estonia,2020-03-25,1.194895568960536,0.6156934548555383,1.834250543358371
Estonia,2020-03-26,1.1300769506726709,0.6179408665823947,1.6496722536285267
Estonia,2020-03-27,1.0526393718506806,0.6355016932057151,1.4827043073080044
Estonia,2020-03-28,0.9959932228455649,0.6222984601643279,1.3953517365657875
Estonia,2020-03-29,0.9663369095144367,0.5801702860302685,1.302447603161607
Estonia,2020-03-30,0.9613467943411126,0.5965666045407592,1.3266994204475375
Estonia,2020-03-31,0.9744624374838933,0.5847737055562956,1.3617766515231602
Estonia,2020-04-01,0.9741632425161212,0.5852158217096265,1.365368202057656
Estonia,2020-04-02,0.9614734892044946,0.5669482616203811,1.3369886171909442
Estonia,2020-04-03,0.9145307633288404,0.5403275463095026,1.2768618157500036
Estonia,2020-04-04,0.8631010590099296,0.4804674942147455,1.1878155838573563
Estonia,2020-04-05,0.8225129937312755,0.466409844456452,1.186834015977217
Estonia,2020-04-06,0.796920230963688,0.4317130613349918,1.1448882900279185
Estonia,2020-04-07,0.7867796623984221,0.41331403383765186,1.1480875166110793
Estonia,2020-04-08,0.7845439205401886,0.4091916820614287,1.1458484557552637
Estonia,2020-04-09,0.7805847266841967,0.3708757495399146,1.1390363216964368
Estonia,2020-04-10,0.7802283893054949,0.3588436368381386,1.1370486961851987
Estonia,2020-04-11,0.7808322853620243,0.3686171046775157,1.1597796269109226
Estonia,2020-04-12,0.778928589738223,0.37206929556493085,1.159231241898304
Estonia,2020-04-13,0.7824143342338326,0.3522148040942715,1.1618479530642536
Estonia,2020-04-14,0.7829408621320394,0.3206380424645885,1.1546533084100472
Estonia,2020-04-15,0.7835342612134274,0.338208668007432,1.1931175823459934
Estonia,2020-04-16,0.7786000032677647,0.3055000414805871,1.1618237417479083
Estonia,2020-04-17,0.7687005458929763,0.3139732555796295,1.1749399660816655
Estonia,2020-04-18,0.7595967136564853,0.3180988149080218,1.181743116456497
Estonia,2020-04-19,0.753216630885916,0.3140764788204185,1.1835762538280579
Estonia,2020-04-20,0.7520913548398179,0.2696489738176936,1.1663033001492011
Estonia,2020-04-21,0.7548414682980751,0.29789266467194936,1.2082986868367622
Estonia,2020-04-22,0.7597722202613623,0.23878696627359636,1.181054277516047
Estonia,2020-04-23,0.770447747524936,0.20701639055891233,1.1854735015951
Estonia,2020-04-24,0.7800841272017706,0.1866895267533459,1.2002853159594151
Finland,2020-03-12,1.2571952458932891,0.801564347451971,1.7032240140899864
Finland,2020-03-13,1.2386990939981952,0.8032239489554862,1.645494923218626
Finland,2020-03-14,1.2256883428961087,0.8225956690143312,1.6266757516557433
Finland,2020-03-15,1.226365041336387,0.8456326715172855,1.608003698925623
Finland,2020-03-16,1.2369654223522768,0.8506427075790722,1.6127656100768384
Finland,2020-03-17,1.262413713056295,0.9052263319412932,1.6519499655212277
Finland,2020-03-18,1.2829117454343246,0.9224522055634095,1.6680961139193895
Finland,2020-03-19,1.3048820330640278,0.9549991460230274,1.6992559666346096
Finland,2020-03-20,1.3160362150157738,0.9624639117527698,1.716207979191358
Finland,2020-03-21,1.3105724592641832,0.9428518813902014,1.6746640555326529
Finland,2020-03-22,1.28800574261618,0.9404799160189222,1.6333086773054428
Finland,2020-03-23,1.2610196420067707,0.9675440063866045,1.6179559162129877
Finland,2020-03-24,1.2318837053410867,0.933501976793774,1.5516121244066938
Finland,2020-03-25,1.2125528960024043,0.9242797290347284,1.5289481244905707
Finland,2020-03-26,1.1850843479976108,0.9123096532910078,1.4899147803883013
Finland,2020-03-27,1.1669598543297943,0.8966747203274363,1.455902480121544
Finland,2020-03-28,1.1520835976664958,0.8731812616239668,1.4231404879291778
Finland,2020-03-29,1.1507691033438754,0.8871337274282782,1.4338269608404615
Finland,2020-03-30,1.1652806958473385,0.8799886813708193,1.4330374258517684
Finland,2020-03-31,1.1966346057730366,0.9089822989718448,1.4792490225477126
Finland,2020-04-01,1.2511245890903897,0.9384867866648372,1.5763379054694187
Finland,2020-04-02,1.2917159545019696,0.9314637003845827,1.6571706587957529
Finland,2020-04-03,1.301525038828704,0.9175368552089352,1.659367107340857
Finland,2020-04-04,1.2666432721353613,0.9229695619439809,1.6100270853759908
Finland,2020-04-05,1.2190107067672626,0.9185900250004222,1.5381080629633097
Finland,2020-04-06,1.1511301636169533,0.8477063608990749,1.3970176489142316
Finland,2020-04-07,1.089216551688489,0.8244236723726649,1.3364760307055603
Finland,2020-04-08,1.0393939201418367,0.7734825976070204,1.292375276115653
Finland,2020-04-09,1.0077988351139668,0.7417412311691642,1.2796288755466163
Finland,2020-04-10,0.9796833904605641,0.7098219023789688,1.2555337571890104
Finland,2020-04-11,0.9724030919609902,0.6708898624076752,1.2290304207327227
Finland,2020-04-12,0.9746841792912558,0.6804856114833182,1.244508498015628
Finland,2020-04-13,0.9909067137809171,0.7001465421817558,1.2460231033263247
Finland,2020-04-14,1.0187533104124489,0.7315047309110624,1.2818957632498675
Finland,2020-04-15,1.051731924686274,0.7722443144391774,1.330333681225249
Finland,2020-04-16,1.0695739469099659,0.7733600899307697,1.3256404523910397
Finland,2020-04-17,1.0688712858441498,0.7923320787290218,1.3310896458508585
Finland,2020-04-18,1.0633800771344892,0.8146347104145605,1.3440456788586406
Finland,2020-04-19,1.0547752077882182,0.7833346879099051,1.322457865338502
Finland,2020-04-20,1.0505758123246225,0.7889762616004627,1.3333599519474943
Finland,2020-04-21,1.0555624888106068,0.7588075056340505,1.3243795970911314
Finland,2020-04-22,1.0609399483814907,0.7532498752543529,1.3339291887101425
Finland,2020-04-23,1.072487287575639,0.7322477288428546,1.3730413570628737
Finland,2020-04-24,1.079871249916871,0.7306155066892048,1.447369316716575
France,2020-03-01,1.5617485012117656,1.1937775211924546,1.943933315914944
France,2020-03-02,1.5838565988197038,1.2156789206783025,1.9572261014719177
France,2020-03-03,1.6013257540374397,1.2338566076636595,1.9747320875986782
France,2020-03-04,1.60462984932147,1.2235126634776876,1.9591543247823948
France,2020-03-05,1.621494417311218,1.2291117108393268,1.9834701229882952
France,2020-03-06,1.5794724887654246,1.2124404391418695,1.9046898226581965
France,2020-03-07,1.539793287655141,1.2189536819963156,1.8476570745716887
France,2020-03-08,1.4937886821153785,1.177828128617268,1.76352303793175
France,2020-03-09,1.4484276066490582,1.1728533957171587,1.7105735143307126
France,2020-03-10,1.4245669447819675,1.166394085751304,1.661588566648888
France,2020-03-11,1.4086811643942014,1.1685874572955937,1.627718420228206
France,2020-03-12,1.379556607076253,1.1523726179164056,1.5843161783498272
France,2020-03-13,1.361042406478618,1.1391550188564359,1.5567481164651522
France,2020-03-14,1.3175618243129208,1.111674501135476,1.4840039068127815
France,2020-03-15,1.2914036745656976,1.1144466018559167,1.454125694530834
France,2020-03-16,1.288300939946095,1.1013316504735426,1.4458274681742442
France,2020-03-17,1.2624000695895012,1.0911180709601431,1.4018071582016918
France,2020-03-18,1.2454352509127724,1.089478838603429,1.3787671095369272
France,2020-03-19,1.220987571764393,1.083575261195491,1.3489243822867922
France,2020-03-20,1.2671923777391498,1.1083767231562318,1.4192924469434507
France,2020-03-21,1.2578208686868504,1.1026416461116137,1.4002414789640671
France,2020-03-22,1.2651446398658648,1.1072100557190445,1.4091713469892928
France,2020-03-23,1.265171963686044,1.1023932671020729,1.4040008898462868
France,2020-03-24,1.247932080288467,1.0959161354285372,1.3808615626423388
France,2020-03-25,1.2245209088104128,1.0867371471523293,1.3540411609064542
France,2020-03-26,1.1482636516334015,1.0505142725246273,1.2323058674823335
France,2020-03-27,1.1165284140875837,1.0401090422820651,1.1942668019924598
France,2020-03-28,1.1901668501752871,1.0757483773066627,1.299585128980008
France,2020-03-29,1.1628176750330175,1.0637931073335993,1.256515161075062
France,2020-03-30,1.0823737670320652,1.0191255017407175,1.1447931047129274
France,2020-03-31,1.0653008601475786,1.010100063364003,1.1186524394128832
France,2020-04-01,0.9684368430650575,0.9123907258595698,1.022345183444545
France,2020-04-02,0.8795733784894175,0.7982312010256287,0.9561198564358446
France,2020-04-03,0.8405973746089683,0.7543971341664509,0.9372450000230382
France,2020-04-04,0.8339188733433749,0.7430985588698021,0.933288702573811
France,2020-04-05,0.9308902360706229,0.8611586923010097,0.9945398462714174
France,2020-04-06,1.031804232293421,0.9837939388016127,1.0855096872563668
France,2020-04-07,1.0342510663847428,0.988242677424845,1.08335836627323
France,2020-04-08,1.0333687583951527,0.9857534107845709,1.082740128481302
France,2020-04-09,0.9786499112418303,0.9279463001322296,1.0330818824165353
France,2020-04-10,0.8847728619273901,0.8126812097417687,0.9650248582571962
France,2020-04-11,0.9026279427840248,0.833141223838002,0.9703477180963946
France,2020-04-12,0.9113930768886679,0.8478781399883145,0.9758882215950011
France,2020-04-13,0.9326988833752824,0.8714787044877128,0.9957873976778682
France,2020-04-14,0.8847050007695526,0.8112406297030447,0.9639363573348008
France,2020-04-15,0.8475239318050217,0.7583655736151758,0.9598983780465125
France,2020-04-16,0.722342551595745,0.579738412348261,0.8851457533796416
France,2020-04-17,0.6911853540081045,0.5378133570559945,0.8774854026827555
France,2020-04-18,0.7137896631515916,0.5605556592512739,0.879759573591158
France,2020-04-19,0.9828176373333399,0.8986380821377838,1.059170542063069
France,2020-04-20,1.0510268293206881,0.9833999767353719,1.1233297809900198
France,2020-04-21,1.0909102405349231,1.0121601004280194,1.1717525245306208
France,2020-04-22,1.021135879298587,0.9615731639229821,1.087531392059971
France,2020-04-23,1.0344465303327017,0.9724180597902217,1.1025000726307945
France,2020-04-24,1.0340756933953823,0.9074803511257239,1.1872634872447885
Germany,2020-03-01,1.960456374279495,1.2925978140402752,2.660367255272792
Germany,2020-03-02,2.1311458231461997,1.439112799862826,2.859261816133228
Germany,2020-03-03,2.303830024815761,1.4872362886235178,3.0422898831847336
Germany,2020-03-04,2.1301551598316295,1.4091371513921491,2.736724376207506
Germany,2020-03-05,1.907883703369856,1.347401091644897,2.4451374006100224
Germany,2020-03-06,1.6516036685624742,1.2304117501318916,2.059298819910446
Germany,2020-03-07,1.4922868203810558,1.1467880437497704,1.8246289390219046
Germany,2020-03-08,1.5195742790624351,1.1859229088050538,1.8840983333051708
Germany,2020-03-09,1.8484212616912217,1.3291928077666033,2.2666159704167033
Germany,2020-03-10,2.043737939845876,1.4680682702736871,2.541886011162564
Germany,2020-03-11,2.1335724546101544,1.5317377715938285,2.682762682992468
Germany,2020-03-12,2.0558269462782457,1.5039300536973423,2.5566906257104023
Germany,2020-03-13,1.8536811133220188,1.423923540304844,2.2901259600132766
Germany,2020-03-14,1.682437071925166,1.3157437493781428,2.017943672772552
Germany,2020-03-15,1.5708364031426016,1.2484129235552741,1.842194382610829
Germany,2020-03-16,2.2902801691255696,1.6394570065639704,2.868879921812609
Germany,2020-03-17,2.2538393529082827,1.6041199627430633,2.79109530015958
Germany,2020-03-18,2.0809894377190883,1.5287392647664737,2.557854551245426
Germany,2020-03-19,1.7708067196826167,1.3580367913343023,2.093855768364594
Germany,2020-03-20,1.491334150888514,1.232882668023983,1.7270791212544496
Germany,2020-03-21,1.1283870044846043,1.0190457597715563,1.2284983073317772
Germany,2020-03-22,1.0807499177533093,0.9857971505410448,1.16185992467866
Germany,2020-03-23,1.0504077684855395,0.9566606692333236,1.1350449244987162
Germany,2020-03-24,1.3123038770929627,1.1376246930384772,1.4579803209520872
Germany,2020-03-25,1.3121562063928391,1.1496747852623117,1.463601152084539
Germany,2020-03-26,1.2531139874566353,1.1096632312071062,1.3919094223393718
Germany,2020-03-27,1.0950094604557463,1.0114015568965273,1.1881945111316865
Germany,2020-03-28,1.0547229923463541,0.9732981295038723,1.133020488656881
Germany,2020-03-29,1.0106897371033372,0.9299918972694543,1.0818603086482634
Germany,2020-03-30,1.0778205715526221,0.9958063407460027,1.15996152119018
Germany,2020-03-31,1.153617498420726,1.0523940292852176,1.2485533727167581
Germany,2020-04-01,1.1977213891697867,1.0888139848316596,1.3209468809435303
Germany,2020-04-02,1.0256204937312363,0.9457919361017597,1.1109075964905073
Germany,2020-04-03,0.8778373415918311,0.7867098969124801,0.9814287183716742
Germany,2020-04-04,0.742677214701716,0.6195474752032517,0.8844138066869776
Germany,2020-04-05,0.7248812931914235,0.5968890176857047,0.8632154428523187
Germany,2020-04-06,0.8015202794047183,0.6902468970320155,0.9286743450822872
Germany,2020-04-07,0.8998783287182767,0.8069009901283638,0.9960298077732422
Germany,2020-04-08,0.9147729504334198,0.8293572442077923,1.000223880908594
Germany,2020-04-09,0.8690970435472415,0.7735847951176232,0.9757766958552145
Germany,2020-04-10,0.6553908756529467,0.486699229144438,0.845271007054887
Germany,2020-04-11,0.5427701697322816,0.34160996676082006,0.7482801025374405
Germany,2020-04-12,0.5365011254375545,0.34635236226820676,0.7595569340723113
Germany,2020-04-13,0.6680730468930011,0.4880071015010038,0.8528865150571572
Germany,2020-04-14,1.0231846375629057,0.9108038487256042,1.1371929844950768
Germany,2020-04-15,1.118538815642808,0.9995992678790271,1.2190351796221024
Germany,2020-04-16,1.0502409442950016,0.9469732367220604,1.1611835054756192
Germany,2020-04-17,0.8859823947825162,0.7673693535946117,1.0084131585366911
Germany,2020-04-18,0.737007968352361,0.5883272623146527,0.8827995388427322
Germany,2020-04-19,0.6988898592688995,0.5544317444614678,0.8695496740887857
Germany,2020-04-20,0.7500686416023105,0.5990624661620458,0.9005661349613173
Germany,2020-04-21,0.8860344055622966,0.7456689063168609,1.0085678668673934
Germany,2020-04-22,1.0443610053044674,0.9232597046083979,1.1648638065366903
Germany,2020-04-23,1.108681636261139,0.9888259835244951,1.2435837646247137
Germany,2020-04-24,1.1316179562925184,0.7340455190883812,1.4642796153326745
Greece,2020-03-13,1.2484378276569057,0.6864268976426899,1.8437273033110146
Greece,2020-03-14,1.2092182504938582,0.7367652553127868,1.7374413357874945
Greece,2020-03-15,1.1574558874419063,0.7258529297451702,1.6435079863886077
Greece,2020-03-16,1.1184379194394065,0.7268604010502703,1.5678862853191724
Greece,2020-03-17,1.1032117990354804,0.7078810591759512,1.5271345752856187
Greece,2020-03-18,1.1148659688975633,0.6963779042390439,1.5234074135832671
Greece,2020-03-19,1.1509217740426114,0.7079281299969385,1.5636443467868353
Greece,2020-03-20,1.1943860456442035,0.7385225883079921,1.6469203174347937
Greece,2020-03-21,1.2120231459103585,0.7823997633036514,1.6472457768447148
Greece,2020-03-22,1.2183611090834834,0.7701921735741619,1.6336139374828293
Greece,2020-03-23,1.1954159065615486,0.8000396154587329,1.5991108998261392
Greece,2020-03-24,1.171486619665663,0.7913819789020955,1.5543025637212926
Greece,2020-03-25,1.1490600455301354,0.7627376584819389,1.5075136503435298
Greece,2020-03-26,1.128900481900971,0.7498939762607104,1.4881511921117871
Greece,2020-03-27,1.1060669342997473,0.7722238225233867,1.4837788786175918
Greece,2020-03-28,1.084139444458427,0.7279661391097425,1.4292436479251796
Greece,2020-03-29,1.0510014103591572,0.7175903010526211,1.3972428812544815
Greece,2020-03-30,1.0273966831803047,0.6558599861766132,1.3361977085504952
Greece,2020-03-31,0.9973131676151987,0.6369034301362215,1.3234275089454886
Greece,2020-04-01,0.9573748406164463,0.6198394759984743,1.279191166043769
Greece,2020-04-02,0.9154512089213143,0.5667995984422092,1.2191546294904123
Greece,2020-04-03,0.8716329306308613,0.5316986785454973,1.191157594997368
Greece,2020-04-04,0.840640645526312,0.5014153385228505,1.1940045626208107
Greece,2020-04-05,0.8257493195353501,0.44551934321319253,1.153965328250977
Greece,2020-04-06,0.8224929056857535,0.45610798467031116,1.1832072793392854
Greece,2020-04-07,0.8327001555344739,0.44901308804283113,1.1726160503930025
Greece,2020-04-08,0.8393435308777858,0.4831258856099971,1.2236934091675695
Greece,2020-04-09,0.8349888113689007,0.42111575007389757,1.1619072881863033
Greece,2020-04-10,0.8272083221235248,0.46209490342387133,1.1888935207934206
Greece,2020-04-11,0.815354813091554,0.4251638613104207,1.185573572471255
Greece,2020-04-12,0.8135663962690437,0.3874693060899055,1.1491854880634882
Greece,2020-04-13,0.8192457476290295,0.4144400911443346,1.1804007858131846
Greece,2020-04-14,0.8405792370429336,0.42182744825526697,1.1983126841423466
Greece,2020-04-15,0.882514628282641,0.4390972760965194,1.2389630623781422
Greece,2020-04-16,0.9574442603225499,0.47711315147839733,1.3365027763280286
Greece,2020-04-17,1.0630778669819723,0.4493055166270014,1.481437630827659
Greece,2020-04-18,1.27430794941107,0.5706609330234164,1.943703492625801
Greece,2020-04-19,1.3790733674343112,0.5744941684563101,2.145696982879412
Greece,2020-04-20,1.4103180908520587,0.618772651904361,2.1594611546958737
Greece,2020-04-21,1.3660869030658926,0.7082319672146996,2.07968949524405
Greece,2020-04-22,1.317116669866395,0.7016823692709271,2.0130380488403756
Greece,2020-04-23,1.2827701575474268,0.7008829629231044,1.9588800924545011
Greece,2020-04-24,1.3051281313039036,0.5848586361894661,1.9594739558879908
Hungary,2020-03-22,1.2760150556076078,0.7799137995145596,1.7839813376844935
Hungary,2020-03-23,1.2719536476954165,0.7887503722791288,1.721454899416781
Hungary,2020-03-24,1.264763329769012,0.8452468747731152,1.7137763214127355
Hungary,2020-03-25,1.261536355519399,0.8793625225346432,1.7052431693107546
Hungary,2020-03-26,1.2500370606322597,0.816963321693013,1.6141491947806637
Hungary,2020-03-27,1.2410505321277694,0.87756580599685,1.6552510255275983
Hungary,2020-03-28,1.219519439759361,0.8254104391625424,1.5657652786323792
Hungary,2020-03-29,1.2108080201275306,0.8588214323748028,1.5784327452319948
Hungary,2020-03-30,1.2041591843780939,0.8486385656221158,1.5655716706164455
Hungary,2020-03-31,1.2042257830680463,0.8705644288502296,1.5715673517700646
Hungary,2020-04-01,1.2127455468122719,0.8883223281247983,1.5877104275952447
Hungary,2020-04-02,1.2298787916987266,0.901494010776209,1.589115732564407
Hungary,2020-04-03,1.2491951501224776,0.9187054680380383,1.6263595881947175
Hungary,2020-04-04,1.2834365751054615,0.9288325418116851,1.6644495497159673
Hungary,2020-04-05,1.3267126435662686,0.9495729366715918,1.7636796242104387
Hungary,2020-04-06,1.3772937999184665,0.9421645925745342,1.8556618377394034
Hungary,2020-04-07,1.3780435320992317,0.9463245041819208,1.8982527132334686
Hungary,2020-04-08,1.3291604128451844,0.9462047258909019,1.7907111006033671
Hungary,2020-04-09,1.2335946830643736,0.9077050927476449,1.5622179858245042
Hungary,2020-04-10,1.1331247859608633,0.8358706540303688,1.4302340986732853
Hungary,2020-04-11,1.0712806001663868,0.7427521551585892,1.3903418355886616
Hungary,2020-04-12,1.0447119541709102,0.7120955302801951,1.3717142136731593
Hungary,2020-04-13,1.043071444490343,0.722407042605641,1.3806039235325567
Hungary,2020-04-14,1.061979598890739,0.7352385517471253,1.3687493132418558
Hungary,2020-04-15,1.0820047587169546,0.7771557395093998,1.4015325688012685
Hungary,2020-04-16,1.10042511745186,0.7716979900512452,1.3960909524597975
Hungary,2020-04-17,1.1073643623537464,0.7824362793319902,1.3980507061018217
Hungary,2020-04-18,1.1097427752201234,0.8033783230043616,1.4089994075333976
Hungary,2020-04-19,1.1120900159475962,0.80992620384548,1.4132210568342776
Hungary,2020-04-20,1.1217942061282722,0.7889679791022168,1.4072572644369985
Hungary,2020-04-21,1.1296229980675765,0.7901371891088161,1.4409052018205422
Hungary,2020-04-22,1.1326402377572273,0.8143247762419048,1.4700230288520306
Hungary,2020-04-23,1.1385286644060622,0.790249174289607,1.503895000805537
Hungary,2020-04-24,1.1477977187831567,0.6868783708191725,1.5223329965908894
Ireland,2020-03-14,1.9109358446293296,1.1858241747820553,2.6028880999417683
Ireland,2020-03-15,1.9252452406715068,1.2454183819566091,2.575652677443145
Ireland,2020-03-16,1.9495739932032956,1.2011939066745159,2.5574705962418203
Ireland,2020-03-17,1.8861084412311908,1.2137495744823208,2.4492011162869547
Ireland,2020-03-18,1.7763796226517778,1.2327185049525056,2.3140225556035054
Ireland,2020-03-19,1.6626988509612162,1.1690522435577069,2.1280116775105986
Ireland,2020-03-20,1.5811549540800056,1.1639795094929068,2.0197519860159687
Ireland,2020-03-21,1.528289427197785,1.118933834301573,1.9155140574432037
Ireland,2020-03-22,1.5108795411316853,1.1307217670848264,1.8909113430012017
Ireland,2020-03-23,1.4861854819524059,1.117058916515207,1.8517526023447712
Ireland,2020-03-24,1.4714433587509241,1.0998439715148456,1.813125437788043
Ireland,2020-03-25,1.4146729023291182,1.0956795283413305,1.7545427117506722
Ireland,2020-03-26,1.3101298804931747,1.0167215588144864,1.6051423915477723
Ireland,2020-03-27,1.228203342370952,0.9482688453004082,1.472463452984341
Ireland,2020-03-28,1.179619855055305,0.9258374099221977,1.4012894860880933
Ireland,2020-03-29,1.1552732003624195,0.9372548222234406,1.389611521534868
Ireland,2020-03-30,1.181401814864734,0.9361575998906165,1.4093897347655329
Ireland,2020-03-31,1.217252990178543,0.9913322698087733,1.4763766595159813
Ireland,2020-04-01,1.2535698884807231,1.0179253540603117,1.5057007518456513
Ireland,2020-04-02,1.2748227768046436,1.0254768739560964,1.520497875037114
Ireland,2020-04-03,1.2393478317387558,0.9992953413991836,1.4725077330510743
Ireland,2020-04-04,1.2313801974577838,0.9894984762028657,1.4676507597592212
Ireland,2020-04-05,1.2882259800233422,1.0237737737364598,1.5512364376624825
Ireland,2020-04-06,1.4812413073601607,1.1278776103484274,1.8018365280261555
Ireland,2020-04-07,1.5972206221181253,1.1891111207364522,1.95601721574265
Ireland,2020-04-08,1.6527828615516633,1.1915380758939904,2.0137667562820125
Ireland,2020-04-09,1.553922885202475,1.1762245064376327,1.8772753828825754
Ireland,2020-04-10,1.431579231024077,1.120120909728014,1.7189412478733455
Ireland,2020-04-11,1.243566053474539,1.0287976687561515,1.465976486847577
Ireland,2020-04-12,1.1441169305470889,0.9602438779320882,1.334169129432984
Ireland,2020-04-13,1.0343778182481815,0.8519525179799367,1.1840169200767012
Ireland,2020-04-14,0.9799007275644179,0.8186501332545826,1.142571850824884
Ireland,2020-04-15,0.8882600367087338,0.6996897432389093,1.0493323355074837
Ireland,2020-04-16,0.7775463546841296,0.5913304943812738,0.9702834926615659
Ireland,2020-04-17,0.6978901781724691,0.5051377981622572,0.8872076438647313
Ireland,2020-04-18,0.6781452227829778,0.5007812286000614,0.8877332023485146
Ireland,2020-04-19,0.7040289493260746,0.5206987146425295,0.9151450309286326
Ireland,2020-04-20,0.8573840119580783,0.6379967974577921,1.061451057098149
Ireland,2020-04-21,1.0204098391553347,0.8085235886232243,1.2427162013592825
Ireland,2020-04-22,1.1827948787666505,0.9554726280890817,1.418658619259868
Ireland,2020-04-23,1.2968641910206247,1.0199819162264794,1.575668217206334
Ireland,2020-04-24,1.3148850179393088,0.9213014876532865,1.7069144326216736
Italy,2020-02-22,2.323940295609137,1.483387693821672,3.0887726522739802
Italy,2020-02-23,2.2872213659978926,1.5199235404158586,3.0316087010950783
Italy,2020-02-24,2.283819525308269,1.5600591680812383,3.0451137578337564
Italy,2020-02-25,2.206594730400584,1.4825817805781039,2.830091471875722
Italy,2020-02-26,2.147760074378137,1.4489094974901116,2.724303994637912
Italy,2020-02-27,2.137682961058966,1.4179508694305205,2.698386973452094
Italy,2020-02-28,2.020784513436707,1.3906799137869192,2.566483554325319
Italy,2020-02-29,1.9206198953061968,1.3593785166351953,2.4035108050350273
Italy,2020-03-01,1.8175810485305963,1.2949980593274137,2.218406604356186
Italy,2020-03-02,1.7682935736436685,1.2855503086207924,2.1364636201288776
Italy,2020-03-03,1.7675244797107172,1.2812908947408121,2.139598727261464
Italy,2020-03-04,1.8093368269280754,1.3257042303934015,2.204649715804883
Italy,2020-03-05,1.836902561331762,1.2634460303228825,2.243600765341147
Italy,2020-03-06,1.8567773973828279,1.2951405547566661,2.272762907344257
Italy,2020-03-07,1.7198848360981365,1.2969051517700512,2.092872188339016
Italy,2020-03-08,1.6874313978313715,1.3037288557669386,2.025406337988053
Italy,2020-03-09,1.6503847596809778,1.243271164419583,1.9673136200674581
Italy,2020-03-10,1.6283978241224477,1.2318549987785472,1.9305498419379927
Italy,2020-03-11,1.6296901209032164,1.2604730224691714,1.93931769096965
Italy,2020-03-12,1.577920439754669,1.239707081818645,1.8643396831442385
Italy,2020-03-13,1.5357420932292833,1.174260202148877,1.7885116933941432
Italy,2020-03-14,1.4678894983661068,1.1998702238598191,1.700158550734681
Italy,2020-03-15,1.3978666763312977,1.1305111594522672,1.5941515401577013
Italy,2020-03-16,1.4123920670379022,1.150523876647887,1.6151309375776999
Italy,2020-03-17,1.453189590180818,1.1541596771331837,1.6717118166460612
Italy,2020-03-18,1.4747935841970117,1.1829875460727368,1.703122897372879
Italy,2020-03-19,1.4394013606874407,1.1821858100398501,1.6634317705578059
Italy,2020-03-20,1.2718487375950398,1.0973964587167078,1.417773029113614
Italy,2020-03-21,1.1414448449474792,1.0312331944288837,1.2522868029536494
Italy,2020-03-22,1.002800141892546,0.9235525385143215,1.0849960807515435
Italy,2020-03-23,0.9704621684180773,0.8914880171319413,1.0344521593298093
Italy,2020-03-24,0.988102501891696,0.9160103357328243,1.053119663043335
Italy,2020-03-25,1.0262574379539091,0.957724948975869,1.0967093880067336
Italy,2020-03-26,1.0360919092483645,0.9637270149436586,1.1120137932701344
Italy,2020-03-27,0.9710408020476964,0.8849016653334607,1.0574303006970633
Italy,2020-03-28,0.8511150646213472,0.7441396064287424,0.9491933701591532
Italy,2020-03-29,0.7991047626839571,0.6889964594753405,0.9293253005631088
Italy,2020-03-30,0.7867006840882965,0.6795451154091626,0.9307136992118273
Italy,2020-03-31,0.8305163179154582,0.731016910758207,0.9712908217641711
Italy,2020-04-01,0.9135382776358034,0.8256869465677921,1.0033245755035447
Italy,2020-04-02,0.9537005698928126,0.8653489021546815,1.0345656674336525
Italy,2020-04-03,0.9397479029775003,0.8494919997547423,1.0307817492230744
Italy,2020-04-04,0.8594890519458701,0.7568990269044981,0.9606349380605239
Italy,2020-04-05,0.8265786733965168,0.7294936486680197,0.9546697479255329
Italy,2020-04-06,0.8309740469725254,0.7323934536744053,0.9446157085301675
Italy,2020-04-07,0.8828776267780224,0.7693871847577286,0.9756846425876403
Italy,2020-04-08,1.0022413496522935,0.9095021291530111,1.097592822192448
Italy,2020-04-09,1.0564085135625003,0.9646340691248242,1.143827798331812
Italy,2020-04-10,1.0389903071273687,0.9540640295870755,1.1254642548386005
Italy,2020-04-11,0.9538336212702877,0.8501210637214125,1.0502455828127197
Italy,2020-04-12,0.8123078169786725,0.683408812470921,0.9293722770773852
Italy,2020-04-13,0.7966885377501279,0.6862322095349211,0.9284637073103573
Italy,2020-04-14,0.8205531284449238,0.7037478824139954,0.9284093634830368
Italy,2020-04-15,0.8729311888674859,0.7726106644833288,0.971185128293926
Italy,2020-04-16,0.9361436910263248,0.8348780605758696,1.0256131977764102
Italy,2020-04-17,0.9337069969478237,0.8405274384449212,1.0262799526174653
Italy,2020-04-18,0.8982900494302514,0.795854315543085,0.981393135106237
Italy,2020-04-19,0.8735216566177159,0.7704861173879066,0.9590270185097424
Italy,2020-04-20,0.8654603013756608,0.7680036926183641,0.9647510642286635
Italy,2020-04-21,0.9012530723531939,0.8064807458813518,0.9928081591079079
Italy,2020-04-22,0.9393128977657168,0.8504951705878491,1.0415738936623145
Italy,2020-04-23,0.9697977759603212,0.8634542400230474,1.0879623064982156
Italy,2020-04-24,0.9804650251999221,0.7850367304176984,1.1502542508384253
Latvia,2020-03-26,0.838624047699835,0.30182510339604396,1.2861042962596303
Latvia,2020-03-27,0.8288949464317269,0.31830888663181856,1.2783974384342947
Latvia,2020-03-28,0.8148968446265444,0.3189141571205698,1.2540334784831906
Latvia,2020-03-29,0.8029390832890743,0.3066419038052371,1.2285687640626914
Latvia,2020-03-30,0.792715375863063,0.2992971102539895,1.2049717031629985
Latvia,2020-03-31,0.7833087810077244,0.29918545116968215,1.1848334433195091
Latvia,2020-04-01,0.7741498063813209,0.31040052025630677,1.191202510566028
Latvia,2020-04-02,0.7687350542145218,0.31066673588720933,1.1885212397875462
Latvia,2020-04-03,0.7609266620341906,0.3131655671633785,1.1883227694914142
Latvia,2020-04-04,0.7552629418648333,0.3087636485497594,1.1848016909734103
Latvia,2020-04-05,0.7526918063569121,0.2620750497947093,1.1390986572231359
Latvia,2020-04-06,0.7521838164490245,0.3086492420007065,1.186551977621415
Latvia,2020-04-07,0.7525544124880089,0.25268389601389146,1.1387686716890457
Latvia,2020-04-08,0.7560920111674275,0.2755118407624164,1.1732606788006548
Latvia,2020-04-09,0.7576068177506604,0.29540078557489896,1.2027587229322843
Latvia,2020-04-10,0.7571586859182693,0.29086033913767795,1.1971813874588402
Latvia,2020-04-11,0.7551314697626609,0.28135477296854594,1.1870122085784038
Latvia,2020-04-12,0.7542845982359346,0.2665082994717991,1.1804136092254303
Latvia,2020-04-13,0.7562052541267104,0.2579906963494886,1.1873869643045938
Latvia,2020-04-14,0.7613865640995753,0.26018348186340506,1.2106709715221347
Latvia,2020-04-15,0.7687962427243745,0.24393758334190105,1.2245627025500394
Latvia,2020-04-16,0.771513458082107,0.21518961407638612,1.1996384439073258
Latvia,2020-04-17,0.7778847983607453,0.23455623959302746,1.2427806141770872
Latvia,2020-04-18,0.7805187905876172,0.2267613840959334,1.256154997665967
Latvia,2020-04-19,0.7807273971007459,0.21655545255106956,1.2453222636146293
Latvia,2020-04-20,0.7833423328656107,0.22497459814290716,1.271742451661549
Latvia,2020-04-21,0.7870463916207947,0.18511456966959305,1.2565580462105057
Latvia,2020-04-22,0.7891844824868243,0.2557440477178182,1.3365494681825505
Latvia,2020-04-23,0.7933130353317784,0.19998977025423223,1.2833328226574443
Latvia,2020-04-24,0.7957515168316597,0.21256154983724346,1.3097996794952673
Lithuania,2020-03-22,1.128686695092701,0.569736766295779,1.6853719106049632
Lithuania,2020-03-23,1.1149034984150386,0.5563756351029793,1.6393010673488335
Lithuania,2020-03-24,1.0975525497845207,0.5794614973477801,1.5847741330413205
Lithuania,2020-03-25,1.0737102642785168,0.5465652389247045,1.4872243978508672
Lithuania,2020-03-26,1.0566011156446669,0.5579113414265096,1.452543147788527
Lithuania,2020-03-27,1.0296431455728376,0.6489795889715884,1.4867634810188985
Lithuania,2020-03-28,1.0108124675293888,0.6144326495875607,1.4298119683745203
Lithuania,2020-03-29,0.9918602481576632,0.5907346662170834,1.375828347617477
Lithuania,2020-03-30,0.9863236591079833,0.5723513859606296,1.3366234949667928
Lithuania,2020-03-31,0.9751559981265029,0.5773866685501047,1.3504993125948643
Lithuania,2020-04-01,0.9578079437445293,0.5872736729269944,1.3330838526340585
Lithuania,2020-04-02,0.9320446273469363,0.5588323719577367,1.2781577149686285
Lithuania,2020-04-03,0.9067313697133247,0.5423301165857318,1.2581612573453984
Lithuania,2020-04-04,0.878872586473103,0.4857691979167432,1.194093913479521
Lithuania,2020-04-05,0.8607951504713546,0.4984629964910147,1.205383778164067
Lithuania,2020-04-06,0.8547958456323264,0.4787292488276935,1.1977159971434441
Lithuania,2020-04-07,0.8557711682925973,0.498107791288777,1.2170213699330554
Lithuania,2020-04-08,0.8627313788734823,0.4918357930159196,1.2208066966799735
Lithuania,2020-04-09,0.8594006778482445,0.4847018922736443,1.2127978271715876
Lithuania,2020-04-10,0.851776764366098,0.46479333012453633,1.1984594028966864
Lithuania,2020-04-11,0.8471013128182456,0.47742348686957214,1.2255595946226536
Lithuania,2020-04-12,0.8532123370490403,0.4622187872924298,1.2165933465638104
Lithuania,2020-04-13,0.8686634488485998,0.4602847460375059,1.2402306468422066
Lithuania,2020-04-14,0.9042063344418185,0.3962105870497496,1.2612043361744052
Lithuania,2020-04-15,0.9265895070269259,0.4484190657992709,1.3656317922288055
Lithuania,2020-04-16,0.9223149093663389,0.44337618915738475,1.3648320917181243
Lithuania,2020-04-17,0.8835543691307646,0.44557936068075393,1.3039269591088463
Lithuania,2020-04-18,0.8393274591395374,0.4249947423886523,1.2105664926183861
Lithuania,2020-04-19,0.8020953677277614,0.4078302524059666,1.2010985412393276
Lithuania,2020-04-20,0.7811810817183014,0.35654431893252975,1.1770636130127587
Lithuania,2020-04-21,0.7726037086678508,0.3307872010269553,1.167592413880825
Lithuania,2020-04-22,0.7708002654536315,0.34780015223939936,1.2042001340204307
Lithuania,2020-04-23,0.7724381174369812,0.33274427209081764,1.2071323536531655
Lithuania,2020-04-24,0.7743573808156691,0.3163403075268313,1.213599586345607
Luxembourg,2020-03-16,2.799106173721957,1.5059952199579238,3.874867879361111
Luxembourg,2020-03-17,2.772743677402732,1.6391588723113002,3.8935951494395376
Luxembourg,2020-03-18,2.6210380030279277,1.5722669964972396,3.618187330923777
Luxembourg,2020-03-19,2.2254081016077585,1.4123607279700812,3.0128954547981532
Luxembourg,2020-03-20,1.859997548397007,1.2331586541961703,2.4798620585670608
Luxembourg,2020-03-21,1.609932042526411,1.075637611635348,2.10797221598527
Luxembourg,2020-03-22,1.4280033981911868,0.9823962042734786,1.875608074899177
Luxembourg,2020-03-23,1.2818048443921648,0.8953241952810302,1.7011293815007191
Luxembourg,2020-03-24,1.184450403454004,0.8027407432371003,1.5623839280249465
Luxembourg,2020-03-25,1.0866526216286212,0.7092311533759117,1.4193839814064302
Luxembourg,2020-03-26,0.9757594091924869,0.6281174403484988,1.3104067010819869
Luxembourg,2020-03-27,0.8734634673878102,0.5432659526032793,1.179707188349258
Luxembourg,2020-03-28,0.8093258953101956,0.48119143442661194,1.089044451892277
Luxembourg,2020-03-29,0.7771559570954741,0.4697415208820188,1.0701676802316147
Luxembourg,2020-03-30,0.7750038085323907,0.4588263004744576,1.0971410687509517
Luxembourg,2020-03-31,0.7604459076333175,0.4184430464897411,1.07118105751736
Luxembourg,2020-04-01,0.7310555579613676,0.40046281905438963,1.0667879651488934
Luxembourg,2020-04-02,0.6903532755604106,0.3364895938570869,0.9889816371977539
Luxembourg,2020-04-03,0.6379253724682711,0.33047736738123185,0.9589762861179645
Luxembourg,2020-04-04,0.5918023691538965,0.2985115255640166,0.9123154239555485
Luxembourg,2020-04-05,0.5720427040095137,0.2541724221805777,0.8754361212802524
Luxembourg,2020-04-06,0.5663110557549155,0.23418469095967337,0.8724138515726692
Luxembourg,2020-04-07,0.5641738228138322,0.22386631365298953,0.8819843020127663
Luxembourg,2020-04-08,0.5563456890114145,0.19626114475232384,0.8735617161202633
Luxembourg,2020-04-09,0.5385270089238564,0.16413582759157244,0.8324119880603377
Luxembourg,2020-04-10,0.5190609566756129,0.2011019234887059,0.8559318877808298
Luxembourg,2020-04-11,0.5086425691662679,0.169420068879704,0.8238834488950765
Luxembourg,2020-04-12,0.5215549723524711,0.18726147201097973,0.8878835890342476
Luxembourg,2020-04-13,0.5429454410317566,0.1387435423523469,0.8842570737946492
Luxembourg,2020-04-14,0.5738785693343491,0.14507088244934452,0.9405082524948473
Luxembourg,2020-04-15,0.602421422579698,0.13499045549772734,0.982855542289567
Luxembourg,2020-04-16,0.6051504188447657,0.11640677692119059,0.9851037220910265
Luxembourg,2020-04-17,0.5930506418610034,0.16234584827398177,1.0098669415060957
Luxembourg,2020-04-18,0.5833179525597781,0.12522498633458345,0.9642249928644392
Luxembourg,2020-04-19,0.5768105328923155,0.13144897062169972,0.990514376948246
Luxembourg,2020-04-20,0.5794302613276096,0.1284631282296561,1.0054459265523763
Luxembourg,2020-04-21,0.5900419539041302,0.10348616750585536,1.0275188000017297
Luxembourg,2020-04-22,0.597572508821017,0.062389703927027335,1.0130721886507394
Luxembourg,2020-04-23,0.609415584906301,0.016530116723359516,1.0378834521535354
Luxembourg,2020-04-24,0.6216310750295629,0.028764517103976255,1.0882867523550934
Netherlands,2020-03-06,1.9061205638945087,1.2504579486092833,2.5715054858896766
Netherlands,2020-03-07,1.8832996156359143,1.2819372158152595,2.474464226060251
Netherlands,2020-03-08,1.8668486596265201,1.2925776492654333,2.4167032617596993
Netherlands,2020-03-09,1.8732783495366359,1.277150136372768,2.3849984748159594
Netherlands,2020-03-10,1.8888495580801161,1.3206026132702742,2.416541973077307
Netherlands,2020-03-11,1.8951552193183194,1.2944916002660596,2.3785544248833657
Netherlands,2020-03-12,1.8928410036711831,1.314599858584123,2.3858510845521113
Netherlands,2020-03-13,1.8957048803657839,1.357429537770816,2.42148046666522
Netherlands,2020-03-14,1.8830002349216861,1.3079678891295425,2.3502140557582045
Netherlands,2020-03-15,1.8739908054374645,1.3088949958214593,2.334678346731911
Netherlands,2020-03-16,1.872019884201423,1.3027157352476844,2.318411565315402
Netherlands,2020-03-17,1.860041808276627,1.329546334570542,2.303243270508886
Netherlands,2020-03-18,1.8408811729764167,1.3231459194504958,2.273294771208551
Netherlands,2020-03-19,1.7745815506473415,1.317220930689298,2.203303986471834
Netherlands,2020-03-20,1.6820313212572995,1.2759487832665104,2.052834165218768
Netherlands,2020-03-21,1.6314718880303452,1.236231041245737,1.9644485355188654
Netherlands,2020-03-22,1.5919557085637956,1.2635741587337992,1.9469792571258921
Netherlands,2020-03-23,1.5836032042465613,1.2417908424591075,1.9163340091521672
Netherlands,2020-03-24,1.5802080290919074,1.2167557727879297,1.8803005523839393
Netherlands,2020-03-25,1.553801999392147,1.206723526714808,1.85227396482226
Netherlands,2020-03-26,1.4687729319243041,1.1659025319115908,1.7501546728121478
Netherlands,2020-03-27,1.2995334233305094,1.050061093683319,1.5162288087575002
Netherlands,2020-03-28,1.1078740470060364,0.9414855396740298,1.2976792118916451
Netherlands,2020-03-29,1.0178256187976864,0.8689418355855562,1.1717954469961787
Netherlands,2020-03-30,0.9774448569923205,0.8397820308497259,1.114475051447267
Netherlands,2020-03-31,0.9776252577660934,0.8399404708732892,1.1072405192245856
Netherlands,2020-04-01,0.9935607683186768,0.8726851667499094,1.1442110767331763
Netherlands,2020-04-02,1.0212701583652528,0.882319352379596,1.1589179432625203
Netherlands,2020-04-03,1.026202748311578,0.8869082002404896,1.1595707721905086
Netherlands,2020-04-04,1.0124662019803137,0.8902221026900317,1.1381960419620025
Netherlands,2020-04-05,1.0074081403917625,0.8684886083224372,1.1297942874884355
Netherlands,2020-04-06,1.028556019637148,0.8971492890389532,1.169992948755151
Netherlands,2020-04-07,1.0850723816022119,0.9379827771596871,1.2327503794150123
Netherlands,2020-04-08,1.1345079681669603,0.9767593409015968,1.2853362613617376
Netherlands,2020-04-09,1.1385670595911326,0.979209976954257,1.3116068365549907
Netherlands,2020-04-10,1.095182856168815,0.9224992834628527,1.2460551122376409
Netherlands,2020-04-11,0.989069193780998,0.8396039462343322,1.140375047743701
Netherlands,2020-04-12,0.8777388772263908,0.7145310446555222,1.0102354836116256
Netherlands,2020-04-13,0.845507669437461,0.6977650938863771,0.9765691287838142
Netherlands,2020-04-14,0.8616327693167706,0.7203765673574859,1.0016024705315147
Netherlands,2020-04-15,0.9096664767585585,0.7595550252277495,1.0513300218336035
Netherlands,2020-04-16,0.9521068184789816,0.7935252691198101,1.0989468696999984
Netherlands,2020-04-17,0.9390660303911207,0.7872334103622124,1.099607261319381
Netherlands,2020-04-18,0.8845023536528933,0.731182952810356,1.035709778465644
Netherlands,2020-04-19,0.8085764677808633,0.6533746683575831,0.9692536781270783
Netherlands,2020-04-20,0.770543101301853,0.6110114868646301,0.9362743789493271
Netherlands,2020-04-21,0.7598979756790469,0.592490792134043,0.9292430243978995
Netherlands,2020-04-22,0.7733898431996836,0.6022183112969209,0.9574401718813658
Netherlands,2020-04-23,0.792148765658365,0.5838708440096411,0.990856686673987
Netherlands,2020-04-24,0.7942397281165827,0.5591366321392022,1.0398219065019791
Norway,2020-03-07,2.3072201553472698,1.3133343972366858,3.204247027050164
Norway,2020-03-08,2.443161350086924,1.5105329085705803,3.448848569728845
Norway,2020-03-09,2.4276649888688335,1.4691295787269865,3.3501661118968906
Norway,2020-03-10,2.216114569364068,1.4039688035705646,2.964226406461063
Norway,2020-03-11,2.060266123181088,1.3095346738711229,2.706111653499515
Norway,2020-03-12,1.778573221501865,1.200906908246324,2.3577962257951692
Norway,2020-03-13,1.5140628219435042,1.0604075740030299,1.9870831752579674
Norway,2020-03-14,1.328633507341127,0.9467698316987199,1.7164559928412404
Norway,2020-03-15,1.2112298505567394,0.8582236858609287,1.5713150801637346
Norway,2020-03-16,1.1718625055054073,0.8249003212916731,1.5183908682674887
Norway,2020-03-17,1.1801302655074197,0.8263447594023866,1.494387326260848
Norway,2020-03-18,1.210708384304696,0.8771551312405441,1.5537913077214756
Norway,2020-03-19,1.3123036111247122,0.9358346966406487,1.6548530081466442
Norway,2020-03-20,1.4055952623603216,1.0454910516385347,1.7852855821054594
Norway,2020-03-21,1.4349885911328895,1.0674486755538486,1.8053225277435034
Norway,2020-03-22,1.4580229920848078,1.0677298589518505,1.8076045559155762
Norway,2020-03-23,1.431737733565475,1.0622317055074333,1.785484165868901
Norway,2020-03-24,1.4041392996843252,1.0553783112351478,1.7625393837939791
Norway,2020-03-25,1.3113605850495238,0.975556880653191,1.6390220240008777
Norway,2020-03-26,1.168482625442546,0.8791392551965758,1.4913823113316464
Norway,2020-03-27,0.9805886116765138,0.6835395885386177,1.2469957289500884
Norway,2020-03-28,0.8658831733447125,0.5962858053165841,1.1130033213596722
Norway,2020-03-29,0.7962825424645575,0.5365628330541067,1.0323560952477324
Norway,2020-03-30,0.7898474011816246,0.5183149174120214,1.036616473184854
Norway,2020-03-31,0.8045736322787231,0.5404550584452716,1.0859377924004558
Norway,2020-04-01,0.8302664208124421,0.5326573030563923,1.1235872533875608
Norway,2020-04-02,0.8034826943956813,0.48995488461183573,1.081705950224155
Norway,2020-04-03,0.7420941350171363,0.45350375494022904,1.0271001544517646
Norway,2020-04-04,0.6572834291228375,0.40744150934287704,0.94983105580978
Norway,2020-04-05,0.6044775663637636,0.3511703892577559,0.8649100895515679
Norway,2020-04-06,0.5784424382157164,0.32278931249638215,0.8348789238414146
Norway,2020-04-07,0.5758435606057172,0.3175829246127122,0.8404992023830278
Norway,2020-04-08,0.5857158716078368,0.3038383505418469,0.8414362214224271
Norway,2020-04-09,0.6005020714124081,0.30879853183221995,0.8632344731182673
Norway,2020-04-10,0.6179414937705577,0.3259319774166072,0.9070170251120194
Norway,2020-04-11,0.6401517080014868,0.3319196293739284,0.9250971574520345
Norway,2020-04-12,0.6677742241170005,0.3378570493088014,0.9575559264416726
Norway,2020-04-13,0.7072343922092308,0.3634002602929421,1.0419736404657831
Norway,2020-04-14,0.7406867132715212,0.39236158634617696,1.1069617145654498
Norway,2020-04-15,0.7749014169402257,0.39175719907304807,1.127455790754771
Norway,2020-04-16,0.785974070222549,0.40276933177781393,1.1543523933112734
Norway,2020-04-17,0.7826440712954548,0.400505448047221,1.1331428059077646
Norway,2020-04-18,0.7734390865033681,0.4315013410995763,1.164216057588147
Norway,2020-04-19,0.7630928839732036,0.4000330132930195,1.1311251097297759
Norway,2020-04-20,0.7616290261760137,0.3835423743533725,1.1152415542972767
Norway,2020-04-21,0.7742068365619047,0.3546261900170443,1.1391426664700286
Norway,2020-04-22,0.7817942171094919,0.35322365183331733,1.1942591189228513
Norway,2020-04-23,0.8038093061959156,0.3201092410636572,1.2637858693082196
Norway,2020-04-24,0.8233290297968305,0.26816605319454906,1.311494476820878
Poland,2020-03-15,1.7773353029274057,1.1700995246715444,2.3869007503782207
Poland,2020-03-16,1.7698245461766962,1.2078438709418027,2.3651661074705794
Poland,2020-03-17,1.7553163179717248,1.1829685253793782,2.285522374825083
Poland,2020-03-18,1.7403623727726165,1.1728221162321664,2.219412540190696
Poland,2020-03-19,1.7281880580885092,1.2052913311059514,2.1930155440998576
Poland,2020-03-20,1.7099645863906945,1.257257019037843,2.207313797793237
Poland,2020-03-21,1.6943323569793678,1.2126512989818674,2.149369165114025
Poland,2020-03-22,1.6741830059345089,1.211697677800896,2.1185073864162605
Poland,2020-03-23,1.6443341929695594,1.207123711145027,2.0455052876998474
Poland,2020-03-24,1.607687806725413,1.2296749208430082,2.00570058872112
Poland,2020-03-25,1.5789818001878844,1.2273465737168605,1.9762199625182586
Poland,2020-03-26,1.5508462787018642,1.1726567378159853,1.883455574786367
Poland,2020-03-27,1.5109631690875442,1.1734712141806465,1.8503232214545904
Poland,2020-03-28,1.482138047479666,1.1523602573971201,1.7942257534131725
Poland,2020-03-29,1.45941620809395,1.1335939935760928,1.752848349385281
Poland,2020-03-30,1.4559401073009255,1.136073364785393,1.7530795351909951
Poland,2020-03-31,1.445745450040138,1.1470754502316338,1.7486078320246143
Poland,2020-04-01,1.418190067959566,1.110372666385251,1.6809566616681664
Poland,2020-04-02,1.383997827640955,1.1063026885560046,1.6512590949778132
Poland,2020-04-03,1.31086069759396,1.0579300804266212,1.5726025994857715
Poland,2020-04-04,1.2370546028046698,1.003027615896224,1.4637380778657698
Poland,2020-04-05,1.1688828583211808,0.9636876273614583,1.3894858080118937
Poland,2020-04-06,1.1127245979102223,0.9159231423107723,1.3102165372319552
Poland,2020-04-07,1.071986294158457,0.887374689229322,1.2677540320114884
Poland,2020-04-08,1.0388668154181264,0.8678449574862851,1.2453557001298272
Poland,2020-04-09,1.0026605147165943,0.8031829264591231,1.1809082529670194
Poland,2020-04-10,0.9771847304676479,0.7935223998241498,1.1577089640243319
Poland,2020-04-11,0.9609956321648561,0.7882291648460058,1.1493933138760803
Poland,2020-04-12,0.9637719286044308,0.7866586808820036,1.1565127660203398
Poland,2020-04-13,0.9813910188172583,0.8068184094584593,1.168861049596317
Poland,2020-04-14,1.0167944042521404,0.8426962466287753,1.2285531522087758
Poland,2020-04-15,1.0438916277839558,0.8376315042154713,1.237435947271139
Poland,2020-04-16,1.0620883289435912,0.8325577752857608,1.2653879074971732
Poland,2020-04-17,1.0372906833531081,0.8106242799906019,1.2350395783409376
Poland,2020-04-18,0.9834867869647927,0.7903052468464106,1.1835267105336822
Poland,2020-04-19,0.9198597984911383,0.7232558376453591,1.1049545062065387
Poland,2020-04-20,0.8807481007448531,0.678147347068851,1.0684819480093442
Poland,2020-04-21,0.8581763633130213,0.6623083669243881,1.0719529038529074
Poland,2020-04-22,0.848295187697515,0.6284068198130268,1.0602530286751781
Poland,2020-04-23,0.8443717713638377,0.6159685180660368,1.0875412462204368
Poland,2020-04-24,0.8462616581414104,0.5659085185170385,1.0753032963638391
Portugal,2020-03-13,2.2106863565866517,1.3600067938157991,3.051137550031139
Portugal,2020-03-14,2.1887501350973264,1.3068419771203459,2.9284937667710667
Portugal,2020-03-15,2.1346287608302,1.3844143073835087,2.8559355374868987
Portugal,2020-03-16,2.044054793701477,1.3190966252636995,2.6598358068155443
Portugal,2020-03-17,1.9652746397201963,1.340578643061648,2.5598507830647534
Portugal,2020-03-18,1.887214079642703,1.3093544209772412,2.4220388798856076
Portugal,2020-03-19,1.8300959757760666,1.3003370354830754,2.3326379281781784
Portugal,2020-03-20,1.7909377010825205,1.2717599165176714,2.2543826666278735
Portugal,2020-03-21,1.7353150189377218,1.1834468539035063,2.1228175310216737
Portugal,2020-03-22,1.71533475814866,1.2139100616408414,2.1139231719702525
Portugal,2020-03-23,1.6793166896842886,1.2438695632188956,2.1162738549624125
Portugal,2020-03-24,1.6511119708285318,1.1792111424566314,2.0043329342654337
Portugal,2020-03-25,1.6225894429884185,1.206542045053891,2.0021235513442135
Portugal,2020-03-26,1.5340674507817944,1.1663439139610774,1.8622219580825228
Portugal,2020-03-27,1.3712700572192391,1.1068267077476441,1.6376047726305512
Portugal,2020-03-28,1.2962002435398832,1.0597296497578086,1.517056891579754
Portugal,2020-03-29,1.1740702697867973,1.0006981399156747,1.367441049889802
Portugal,2020-03-30,1.1133014196327773,0.9475589616079149,1.2787772105901987
Portugal,2020-03-31,1.062417896987525,0.9103821454148394,1.2264928400700628
Portugal,2020-04-01,1.0066353060379511,0.852875724467013,1.1509363466929667
Portugal,2020-04-02,0.9601606757873937,0.817013915658827,1.1125748235357342
Portugal,2020-04-03,0.9033457364021381,0.7465088470816656,1.0454825429923227
Portugal,2020-04-04,0.8726575419896243,0.7139366734211195,1.0121845767100972
Portugal,2020-04-05,0.90423687629586,0.7306382360631788,1.0430501517265576
Portugal,2020-04-06,0.9935811203828511,0.8200372093829922,1.1720845689626533
Portugal,2020-04-07,1.171694466982507,0.9830906546504985,1.3845961902646624
Portugal,2020-04-08,1.1944146895673065,1.0121171555059343,1.4108842061541822
Portugal,2020-04-09,1.130108727402028,0.9354030309669437,1.3221337280840078
Portugal,2020-04-10,0.9381906868154737,0.7307005550434204,1.1157676854369674
Portugal,2020-04-11,0.7431821257129949,0.5533675018950089,0.937132540442596
Portugal,2020-04-12,0.6925161537755208,0.5036139215524931,0.8851831811928713
Portugal,2020-04-13,0.7001512603367646,0.513067734020824,0.8935769346547411
Portugal,2020-04-14,0.7303104965192552,0.5366172125519617,0.9171869827008325
Portugal,2020-04-15,0.8805635374099666,0.667864435407578,1.0641455164959344
Portugal,2020-04-16,0.9274017040686522,0.7402748616123426,1.097885626714075
Portugal,2020-04-17,0.9636303988192942,0.7780623852528196,1.1204302003821054
Portugal,2020-04-18,0.968077543681527,0.8075435715739812,1.1473007648151472
Portugal,2020-04-19,0.9737639372280423,0.8153117600075716,1.1369577273342337
Portugal,2020-04-20,0.9576617279404559,0.7941064413355388,1.115716846586849
Portugal,2020-04-21,0.9470681110714578,0.773475334272343,1.1136053306686717
Portugal,2020-04-22,0.898184700857149,0.7082281257124858,1.0602953316375214
Portugal,2020-04-23,0.8855704219396698,0.6827328405798437,1.0692424280523622
Portugal,2020-04-24,0.8991026813047147,0.6052816140533444,1.1584789133457305
Romania,2020-03-15,1.7389870876756508,1.1289429612073991,2.368777762077403
Romania,2020-03-16,1.7394098238401983,1.175313464465884,2.3597223497138655
Romania,2020-03-17,1.7558777115518143,1.1443318118854617,2.3249297658692103
Romania,2020-03-18,1.7998700332887572,1.234169818532969,2.399362569761634
Romania,2020-03-19,1.8596790544633752,1.2386503800742976,2.4285043807553723
Romania,2020-03-20,1.9477990811625103,1.2793296221027133,2.565127058485005
Romania,2020-03-21,2.03036754487235,1.3059961546872576,2.677536784889989
Romania,2020-03-22,2.0309083418503655,1.3586453898920743,2.707059071447724
Romania,2020-03-23,1.9659420548795972,1.2935427166830555,2.50774188774159
Romania,2020-03-24,1.8808758535167918,1.2896737487582268,2.4142223127561686
Romania,2020-03-25,1.7643919857225763,1.2472506083359423,2.20296003650937
Romania,2020-03-26,1.6843110920331437,1.2250140579358817,2.103545059761132
Romania,2020-03-27,1.594530906588331,1.2086904609571574,1.9942492355801211
Romania,2020-03-28,1.5306899823136082,1.1584741597363288,1.8993729410889124
Romania,2020-03-29,1.4713988831530178,1.1368294614871384,1.7820945339230665
Romania,2020-03-30,1.4293636511284125,1.0996467863162345,1.721821740071106
Romania,2020-03-31,1.4028784403317136,1.0950347102335007,1.6892099851618914
Romania,2020-04-01,1.38111955773104,1.0801396668160377,1.665862961142194
Romania,2020-04-02,1.3197439959007224,1.0373359959121076,1.5914626708695736
Romania,2020-04-03,1.251230892109553,0.9983273315692397,1.49891138782745
Romania,2020-04-04,1.181662507902803,0.9319665608640535,1.40592572255534
Romania,2020-04-05,1.1376294104506004,0.9198288733472705,1.3710508069771379
Romania,2020-04-06,1.1231538508918673,0.8963555389672924,1.333848992321586
Romania,2020-04-07,1.1235431412733328,0.9079706446382123,1.3381763702157268
Romania,2020-04-08,1.1318491525653778,0.9246945483625019,1.3599807206731074
Romania,2020-04-09,1.1207071761248615,0.9069340601340539,1.3432380283262562
Romania,2020-04-10,1.0859818658963034,0.8707190196506661,1.2883339622265875
Romania,2020-04-11,1.0337566079914455,0.8328020122943267,1.2324970576672896
Romania,2020-04-12,1.0083824461121533,0.8199277129170129,1.21075961680928
Romania,2020-04-13,1.0016594526841665,0.8161196339671725,1.2039376720718729
Romania,2020-04-14,1.0080266716982897,0.8010727276509587,1.1831022728061213
Romania,2020-04-15,1.0085351948994694,0.8060728462893486,1.1888605300699873
Romania,2020-04-16,1.0089606538956095,0.8262814735029562,1.2136879631984614
Romania,2020-04-17,0.9903308044246659,0.797256751491225,1.1942007155175818
Romania,2020-04-18,0.9837798175253331,0.7935625832434013,1.1940126819174208
Romania,2020-04-19,0.9945427430931695,0.8044608470808845,1.2005820619473737
Romania,2020-04-20,1.0230563255101284,0.8102911330335681,1.2267594821172196
Romania,2020-04-21,1.0674236103268475,0.8663101526131762,1.3122492847843148
Romania,2020-04-22,1.1018800560970832,0.8578407242985733,1.3594003191526325
Romania,2020-04-23,1.1218217365625365,0.8681764449435777,1.416020503913737
Romania,2020-04-24,1.133155828409151,0.8199429889850443,1.472125442883052
Russia,2020-03-18,1.9211204456627136,1.2771935557478034,2.501732284627909
Russia,2020-03-19,1.9162056386758544,1.316226979428789,2.4927559645836608
Russia,2020-03-20,1.9004673238141288,1.3651714393216916,2.4751126961074053
Russia,2020-03-21,1.896934494881382,1.3602023639431786,2.438173564047011
Russia,2020-03-22,1.9243110662911316,1.355328393007787,2.4513469227238724
Russia,2020-03-23,1.9530968715027859,1.4148300602590682,2.5341346135115597
Russia,2020-03-24,1.9829536236597025,1.3777343963968836,2.5225651314282644
Russia,2020-03-25,2.007224551434242,1.405295427331282,2.572551817026888
Russia,2020-03-26,2.0029198787307396,1.3971841571265966,2.5335451354660883
Russia,2020-03-27,1.9858378701945893,1.3763275288293206,2.492595991736328
Russia,2020-03-28,1.9698581065623475,1.3686651718057417,2.4578015088480045
Russia,2020-03-29,1.936827666275068,1.3945128733848449,2.427650417439787
Russia,2020-03-30,1.9235016853400175,1.3715682830235918,2.3799180477666173
Russia,2020-03-31,1.8586310063865177,1.3814891394647506,2.3324030844901116
Russia,2020-04-01,1.7707277246674658,1.3007949596679205,2.1550015393362374
Russia,2020-04-02,1.6877976057884878,1.2845967583050952,2.055840179787799
Russia,2020-04-03,1.6513486249853724,1.2761975178364686,2.001008902072531
Russia,2020-04-04,1.6511900078510475,1.2551687101034834,1.9653195085713149
Russia,2020-04-05,1.6866348871505668,1.2734165911153246,2.0193661136029717
Russia,2020-04-06,1.7239355776703673,1.2865321719489502,2.08416108330648
Russia,2020-04-07,1.7622868878931253,1.3230594901587307,2.1448141517357926
Russia,2020-04-08,1.7462418817634782,1.3108905347033555,2.109290173954414
Russia,2020-04-09,1.7262974195887986,1.330056581425832,2.1177422913168416
Russia,2020-04-10,1.7069858168292709,1.3116020362489071,2.070162709794931
Russia,2020-04-11,1.699539973684312,1.3006700646896465,2.0455816788083645
Russia,2020-04-12,1.699479020255188,1.3168925838556114,2.059837813859839
Russia,2020-04-13,1.6807680790277697,1.3163803936736935,2.031885954715617
Russia,2020-04-14,1.6648877205462091,1.3036158139291913,2.007282485784327
Russia,2020-04-15,1.662647186415031,1.2899684208349882,1.992575473601792
Russia,2020-04-16,1.6532001043644307,1.2906052539850874,1.984815946686072
Russia,2020-04-17,1.546880396751213,1.2266152197366573,1.81516745999615
Russia,2020-04-18,1.4812479490735633,1.2115925484789938,1.7402716761120665
Russia,2020-04-19,1.3300750073272374,1.136770554285455,1.5203720983504434
Russia,2020-04-20,1.1770274891357098,1.049433368484765,1.3051055827963391
Russia,2020-04-21,1.072397672918917,0.9792104870479567,1.1678790605597722
Russia,2020-04-22,1.0064638331111113,0.9175564359703554,1.0911729881989332
Russia,2020-04-23,0.9646892349058999,0.863606574817745,1.0554866574295465
Russia,2020-04-24,0.966391317202674,0.8209941702295871,1.1067880630949125
Slovakia,2020-04-14,1.390783683928867,0.5804246517102575,2.1485374963438604
Slovakia,2020-04-15,1.3201914584826135,0.6817173672582131,2.0294088510763237
Slovakia,2020-04-16,1.2068017086308578,0.6373242541907022,1.7721638998531632
Slovakia,2020-04-17,1.0690203978707864,0.6217970771692132,1.5869505272112954
Slovakia,2020-04-18,0.9980324299425373,0.5137142647138374,1.4536234359354292
Slovakia,2020-04-19,0.9667462378701555,0.4800572475967431,1.4259415653606498
Slovakia,2020-04-20,0.9703233717647751,0.49630981122993895,1.437714194447935
Slovakia,2020-04-21,0.9945800198146982,0.5098121186971551,1.4818330161221276
Slovakia,2020-04-22,1.032713742659675,0.49977179340433664,1.5529999519991988
Slovakia,2020-04-23,1.047822661831068,0.4622746571738402,1.5961412273682964
Slovakia,2020-04-24,1.0719955696599344,0.37903317750017645,1.6412930372879109
Slovenia,2020-03-12,1.0265262734132095,0.4890357691331951,1.4498343818795174
Slovenia,2020-03-13,1.0127777961480775,0.5123542323590129,1.4405681658095604
Slovenia,2020-03-14,0.9897157886010821,0.5400379556839335,1.4061138609051056
Slovenia,2020-03-15,0.9700312640976269,0.5487804687411877,1.3535704033892242
Slovenia,2020-03-16,0.9575804247287333,0.5229948148379788,1.3045094807718571
Slovenia,2020-03-17,0.9560738551377156,0.5552178867923259,1.312448532942488
Slovenia,2020-03-18,0.9604049447250627,0.5746709885294701,1.3339118677861412
Slovenia,2020-03-19,0.968047907763892,0.5667698191698005,1.3483633563893715
Slovenia,2020-03-20,0.9780230482197816,0.5664714765407406,1.368155928523034
Slovenia,2020-03-21,0.9807079699469403,0.5485186583654177,1.3626303797099348
Slovenia,2020-03-22,0.984413003570865,0.5574194312723575,1.4074919512510526
Slovenia,2020-03-23,0.9821662069952715,0.5332649759409607,1.3662124577849504
Slovenia,2020-03-24,0.9769405156465344,0.5355091229612826,1.359927746782791
Slovenia,2020-03-25,0.966597240871285,0.5653326771362509,1.3662109847075643
Slovenia,2020-03-26,0.9453244173319594,0.5508852988432972,1.326507684953738
Slovenia,2020-03-27,0.9251393806575088,0.5331142539063046,1.2841971221550423
Slovenia,2020-03-28,0.9000733762629044,0.5017585484173238,1.212482385777047
Slovenia,2020-03-29,0.8784427377303679,0.532158324481421,1.2302122292513897
Slovenia,2020-03-30,0.8652892592684793,0.5051506054632529,1.1814953715856666
Slovenia,2020-03-31,0.8533726755503708,0.501183037631156,1.1799109294426369
Slovenia,2020-04-01,0.8460023701539758,0.48406827863163,1.1782821187841803
Slovenia,2020-04-02,0.8369771702437638,0.4707768067290236,1.177587914235755
Slovenia,2020-04-03,0.8252497275122803,0.4716746166982314,1.1802207016947304
Slovenia,2020-04-04,0.8158766400826364,0.451373551955568,1.1585366404375597
Slovenia,2020-04-05,0.8106524859522901,0.47857072584357935,1.1890322873329258
Slovenia,2020-04-06,0.8052328017267393,0.43259416348619995,1.1585770831203424
Slovenia,2020-04-07,0.8016299671639955,0.42574083267548846,1.1598670612401005
Slovenia,2020-04-08,0.79382039482518,0.44761001717074467,1.1882137657832892
Slovenia,2020-04-09,0.7875125988999627,0.4058836962578762,1.1644963636508696
Slovenia,2020-04-10,0.7781723109483528,0.40066187144104826,1.152254223755335
Slovenia,2020-04-11,0.7731820733174031,0.3994364312013841,1.1558298136756882
Slovenia,2020-04-12,0.7709584310402838,0.4042033253607704,1.1636066460984
Slovenia,2020-04-13,0.7715198474595341,0.3770347336521227,1.155713296374906
Slovenia,2020-04-14,0.7699998141257652,0.3658636679287279,1.1524414824921299
Slovenia,2020-04-15,0.770880303104436,0.34766793422605435,1.156069565386692
Slovenia,2020-04-16,0.7696541580263065,0.3376643112224571,1.159254949824313
Slovenia,2020-04-17,0.7667461466611812,0.3260011661883577,1.1554349632316976
Slovenia,2020-04-18,0.7603780264625631,0.3844849148747476,1.2162112064110981
Slovenia,2020-04-19,0.7577316049132657,0.3325400415506551,1.1663102608671467
Slovenia,2020-04-20,0.7591498044725701,0.32238084820065294,1.1667516811639618
Slovenia,2020-04-21,0.7607897303150701,0.2989205130653689,1.1632544473148185
Slovenia,2020-04-22,0.7652037516968764,0.3396022893104885,1.2309564634655557
Slovenia,2020-04-23,0.7702272602959858,0.27907278664958257,1.2009756991460787
Slovenia,2020-04-24,0.7705754776329722,0.2807731851966249,1.2142817818146734
Spain,2020-03-02,2.154807609593941,1.4134337210332464,2.7472240992323838
Spain,2020-03-03,2.184437102301264,1.4340108135174243,2.7401067223587043
Spain,2020-03-04,2.2228128937014913,1.4188732377607791,2.8150297283354937
Spain,2020-03-05,2.347099515578729,1.4189179717367875,2.9941519627352666
Spain,2020-03-06,2.6181013121388896,1.4348146036691962,3.4205361250547766
Spain,2020-03-07,2.6126087681481516,1.719366189165757,3.6698228461606197
Spain,2020-03-08,2.502679972187633,1.4052113981901704,3.1921771596798805
Spain,2020-03-09,2.382510796705334,1.4295498413605778,3.0189156862591506
Spain,2020-03-10,2.2846144784941,1.4207961344001112,2.8415566876257574
Spain,2020-03-11,2.198016119441402,1.4150170485228757,2.7458423676688195
Spain,2020-03-12,2.1243001964257426,1.4418328040175286,2.6376426046854147
Spain,2020-03-13,1.8628213315275772,1.2844429141333602,2.242405059829266
Spain,2020-03-14,1.7432690005464724,1.2492007735199708,2.081654785481231
Spain,2020-03-15,1.654425914624321,1.2259784692638673,1.9413682681926276
Spain,2020-03-16,1.6210000262096036,1.2452077609441594,1.897780409646481
Spain,2020-03-17,1.5913825659350718,1.241743897392906,1.8608468001615772
Spain,2020-03-18,1.648277326990481,1.2052371990693225,1.9433950251573326
Spain,2020-03-19,1.5899568366006485,1.2017108261599445,1.850719915448083
Spain,2020-03-20,1.5686424775578436,1.1959414657782397,1.821855161594304
Spain,2020-03-21,1.5674930470244801,1.215825868532378,1.8202989642400462
Spain,2020-03-22,1.5985256318652425,1.2292892683421885,1.868102339001846
Spain,2020-03-23,1.624862209220401,1.2351859556805738,1.8915900900828644
Spain,2020-03-24,1.5975096795920123,1.196453855273609,1.865499408613705
Spain,2020-03-25,1.460375978141685,1.1436284649549264,1.6692242016715706
Spain,2020-03-26,1.2860206188759982,1.121307530037564,1.4762156616028925
Spain,2020-03-27,1.0711937284998336,0.9962905828012423,1.1513833459206722
Spain,2020-03-28,0.9986573846753758,0.9354930384082095,1.0646547601120702
Spain,2020-03-29,0.9736565052731032,0.9111486479163653,1.0313030014650053
Spain,2020-03-30,1.0048904258479212,0.9435404697607918,1.0628497643356036
Spain,2020-03-31,1.0294707435803236,0.9666466097826446,1.0909138921890313
Spain,2020-04-01,1.0056977127710554,0.9400443719602581,1.067770206402442
Spain,2020-04-02,0.9413984152683604,0.8634753321574664,1.020738575516245
Spain,2020-04-03,0.7850833469463283,0.6652573670933124,0.9120941056520285
Spain,2020-04-04,0.7003608877152526,0.5228142404264136,0.8613198582682356
Spain,2020-04-05,0.7116890003565193,0.5841273155030484,0.904637390705425
Spain,2020-04-06,0.7495280538259521,0.6233632896985071,0.9324227761633275
Spain,2020-04-07,0.8117184632886454,0.7046766844163084,0.936530504723065
Spain,2020-04-08,0.8565531271642235,0.7515047411390168,0.9533903403894405
Spain,2020-04-09,0.8443471017614943,0.7444193995084172,0.9517000283219245
Spain,2020-04-10,0.7968387413942585,0.6838287845953273,0.9345142232297616
Spain,2020-04-11,0.7203362450929711,0.5962514767390651,0.9056673925256583
Spain,2020-04-12,0.7406841740141219,0.6174749128080971,0.9046685963560356
Spain,2020-04-13,0.8707720445476269,0.755722975781786,0.9862523423613022
Spain,2020-04-14,1.0786564970076586,0.9886542452839048,1.1789211997049716
Spain,2020-04-15,1.1066733708308159,1.017238292758971,1.197202957913489
Spain,2020-04-16,1.1005916602321777,1.0117895331045934,1.191572447848496
Spain,2020-04-17,1.0330881684087405,0.9515510776858835,1.1258400316043355
Spain,2020-04-18,0.9353022493496312,0.8548026530385208,1.0103325345179557
Spain,2020-04-19,0.8947051028056647,0.8092537683645945,0.9781815485699598
Spain,2020-04-20,0.9307291709514295,0.8395661842454041,1.0063492114883574
Spain,2020-04-21,0.9788703835733353,0.8995441853412534,1.0659718507277955
Spain,2020-04-22,1.043711162418261,0.9569157723526337,1.1258243960681438
Spain,2020-04-23,1.0444811769541609,0.9631632407017713,1.133936345094353
Spain,2020-04-24,1.0496565688361583,0.8603085719418622,1.232069714631563
Sweden,2020-03-06,1.8487038075102042,1.158877147252862,2.5047125121834313
Sweden,2020-03-07,1.8537835899899109,1.2026826242141475,2.4849418288365426
Sweden,2020-03-08,1.8721568449567867,1.282126111296952,2.5597125351234373
Sweden,2020-03-09,1.8737369348502337,1.2527192103055325,2.4911445228138267
Sweden,2020-03-10,1.8386327587793287,1.2262000917089977,2.397957462388938
Sweden,2020-03-11,1.7466923330710302,1.1634487074858022,2.2640589817145056
Sweden,2020-03-12,1.5613443457617742,1.1038942228092354,2.015413436509634
Sweden,2020-03-13,1.3797527668945662,0.971044296805995,1.7669095488523663
Sweden,2020-03-14,1.2516981707439943,0.8951789836267743,1.6044969688423267
Sweden,2020-03-15,1.2056892508214687,0.8859443840731156,1.5763606744378609
Sweden,2020-03-16,1.2044249272599374,0.8732150028800627,1.563824251056412
Sweden,2020-03-17,1.2540858991906256,0.9019792563532174,1.5710011094518346
Sweden,2020-03-18,1.3127311607204761,0.9605549912379014,1.6469805500105803
Sweden,2020-03-19,1.3634322543364115,0.9946381750381775,1.68850174766811
Sweden,2020-03-20,1.3922076083241368,1.0200114126854396,1.7209739286185017
Sweden,2020-03-21,1.4271903691089511,1.082693961580962,1.7551739433655615
Sweden,2020-03-22,1.4524695515813417,1.0895106698002444,1.7689799019050223
Sweden,2020-03-23,1.4950886844019786,1.1353727127186273,1.8297593311893097
Sweden,2020-03-24,1.5203720345377978,1.1502312483500077,1.8606856029871215
Sweden,2020-03-25,1.5378785416450838,1.1779393713577992,1.8969922808747897
Sweden,2020-03-26,1.5001780384056984,1.1646734175665028,1.806286249014364
Sweden,2020-03-27,1.4668853309579757,1.1559242232459683,1.7605967395270277
Sweden,2020-03-28,1.4384953652004526,1.130863637186406,1.7291926816548704
Sweden,2020-03-29,1.4418522996751886,1.1368029044853811,1.7306944094444658
Sweden,2020-03-30,1.4465197010398485,1.1327204753556455,1.7382372663730814
Sweden,2020-03-31,1.4316883335165624,1.1211443352278658,1.7140539646779003
Sweden,2020-04-01,1.3493703062176963,1.0818172314316812,1.6146973228897614
Sweden,2020-04-02,1.2489764340192404,1.0004819001906415,1.495657802641194
Sweden,2020-04-03,1.1514645373156358,0.9348474950969133,1.3718991318699552
Sweden,2020-04-04,1.111923602916536,0.898210339404757,1.318436093706791
Sweden,2020-04-05,1.1310119047238103,0.9393351800280907,1.349123451347392
Sweden,2020-04-06,1.1804364034096884,0.9806840640121437,1.3872881416021985
Sweden,2020-04-07,1.2011276052066462,0.9838564271167591,1.41780473332462
Sweden,2020-04-08,1.1721402222840656,0.9620749470349913,1.3924802747996397
Sweden,2020-04-09,1.057274067247349,0.8570806772662701,1.255865807168039
Sweden,2020-04-10,0.9686586150141014,0.7639731975232914,1.1702177800338465
Sweden,2020-04-11,0.926099279218124,0.7183244153030214,1.1197877824336189
Sweden,2020-04-12,0.9340424435891613,0.7263555932265882,1.1249406204762888
Sweden,2020-04-13,1.0085157093135229,0.8126192101317365,1.2135611914451852
Sweden,2020-04-14,1.115320722719185,0.8972567210926582,1.3103752063847576
Sweden,2020-04-15,1.1673133475670978,0.9677964577861936,1.3976222160087837
Sweden,2020-04-16,1.1617068961225332,0.9650080568208925,1.3765623114061114
Sweden,2020-04-17,1.1084143421889836,0.9162797936895336,1.28911020480008
Sweden,2020-04-18,1.0708772989510624,0.903154285154742,1.2674464737858497
Sweden,2020-04-19,1.062887269686671,0.8909698373205943,1.2555825837625187
Sweden,2020-04-20,1.0864251204017792,0.9182814114275966,1.2912996736309823
Sweden,2020-04-21,1.1255087726471147,0.9317802588805622,1.313488498474275
Sweden,2020-04-22,1.1735975904865297,0.9816922350495237,1.396911066602551
Sweden,2020-04-23,1.1971231164723246,0.9542782804953929,1.4291839814609721
Sweden,2020-04-24,1.2032242788526617,0.8972300174060034,1.5190071348263634
Switzerland,2020-03-05,2.354777090199596,1.3615786727049397,3.25612689730457
Switzerland,2020-03-06,2.250975302493445,1.4407458816840486,3.071500864401653
Switzerland,2020-03-07,2.1934991204726293,1.4320761531585784,2.8962359659605923
Switzerland,2020-03-08,2.1985938685005877,1.5258970985338505,2.940111720903042
Switzerland,2020-03-09,2.2964796885614525,1.5350314480657385,2.974746485917329
Switzerland,2020-03-10,2.4221159216378623,1.5980778749044,3.101849806109048
Switzerland,2020-03-11,2.547791920724444,1.7162047614714162,3.3068581954286635
Switzerland,2020-03-12,2.722501081040548,1.749625041876479,3.6521984075856406
Switzerland,2020-03-13,2.217950957540403,1.5079282476377036,2.8252911784137846
Switzerland,2020-03-14,1.9995551062179582,1.4229807066333637,2.533915713117457
Switzerland,2020-03-15,1.813683148326896,1.359174243271915,2.2499006365637277
Switzerland,2020-03-16,1.8426805146468495,1.3656683493282065,2.2790179315514663
Switzerland,2020-03-17,1.9859904440537175,1.4718866050582138,2.4971626067309174
Switzerland,2020-03-18,2.181754770423663,1.5406220652088827,2.742347125935633
Switzerland,2020-03-19,2.0989245517412085,1.5659679009707337,2.6664777729312967
Switzerland,2020-03-20,2.0242764251387553,1.484128019443006,2.5439981529489377
Switzerland,2020-03-21,1.4915967649284136,1.144998420121386,1.8333404234936868
Switzerland,2020-03-22,1.2262585727136062,0.9940838327211896,1.463952832622886
Switzerland,2020-03-23,1.0919355709988845,0.8730038287012761,1.273812482665296
Switzerland,2020-03-24,1.099788846017291,0.9182451274531541,1.304366796456541
Switzerland,2020-03-25,1.1255833838038374,0.9466992177067796,1.3322233328628639
Switzerland,2020-03-26,1.1688350892266879,0.9571235322098447,1.3585370252464404
Switzerland,2020-03-27,1.1309704710227082,0.9404647528018482,1.3521702312518709
Switzerland,2020-03-28,1.0177141870734603,0.8289007146887724,1.2170015068204554
Switzerland,2020-03-29,0.9037154589101765,0.7315978107736878,1.102997900133301
Switzerland,2020-03-30,0.8497846051819727,0.6607787160546327,1.0120542301172715
Switzerland,2020-03-31,0.8294070638780313,0.6451615435885699,1.0051239167983823
Switzerland,2020-04-01,0.8395107153618999,0.6413353439762092,1.034104829676617
Switzerland,2020-04-02,0.8090556994592404,0.6054220728162889,1.014611889909333
Switzerland,2020-04-03,0.7375759807018066,0.526156523117393,0.9638605894476794
Switzerland,2020-04-04,0.6541746860180098,0.4450886356681725,0.889688259695391
Switzerland,2020-04-05,0.583349353124117,0.36532016869026995,0.8065217019862575
Switzerland,2020-04-06,0.5693130375857653,0.357535827881529,0.8016445342440702
Switzerland,2020-04-07,0.5887851683287755,0.35062259724211237,0.82891182742904
Switzerland,2020-04-08,0.6146669376532146,0.36695559293614993,0.8754528207143529
Switzerland,2020-04-09,0.6098367987730136,0.3423347487094123,0.876415522008488
Switzerland,2020-04-10,0.5712992122234405,0.3348666729438632,0.8470625941647347
Switzerland,2020-04-11,0.5186228566124719,0.2880749179623507,0.7704809363346109
Switzerland,2020-04-12,0.49569946302397233,0.24416290178303038,0.7261144942706913
Switzerland,2020-04-13,0.48953757984629165,0.24940162117131598,0.7329078403347441
Switzerland,2020-04-14,0.5107940817993788,0.2605235947702723,0.7781687463065229
Switzerland,2020-04-15,0.5320650701002813,0.262664439352517,0.8194246058996485
Switzerland,2020-04-16,0.5399799463075934,0.2669296111044218,0.8596677199207227
Switzerland,2020-04-17,0.5222201355140481,0.27050359494866383,0.8521452579294748
Switzerland,2020-04-18,0.49488538037385527,0.21690025222600393,0.7681170240905218
Switzerland,2020-04-19,0.4776659370744359,0.2216848736716043,0.7620095271504976
Switzerland,2020-04-20,0.47848881741861515,0.19606228612159787,0.7559268250143377
Switzerland,2020-04-21,0.4882201791207333,0.18184084532744607,0.7618714695699064
Switzerland,2020-04-22,0.5019659679884345,0.1814629125683295,0.7969282411787015
Switzerland,2020-04-23,0.515143213648956,0.1815236422181971,0.8385646491300051
Switzerland,2020-04-24,0.5260285973955842,0.16921273893433583,0.878248759780214
