country,date,ML,Low_90,High_90,Low_50,High_50
Austria,2020-03-05,3.0,0.91,6.75,1.85,4.23
Austria,2020-03-06,2.86,1.12,4.88,2.0300000000000002,3.61
Austria,2020-03-07,2.83,1.32,4.39,2.14,3.42
Austria,2020-03-08,2.89,1.56,4.18,2.33,3.41
Austria,2020-03-09,3.0,1.81,4.0600000000000005,2.49,3.41
Austria,2020-03-10,3.15,2.16,4.07,2.72,3.5
Austria,2020-03-11,3.12,2.2600000000000002,3.89,2.71,3.38
Austria,2020-03-12,3.08,2.33,3.74,2.7800000000000002,3.35
Austria,2020-03-13,2.9,2.23,3.47,2.63,3.13
Austria,2020-03-14,2.86,2.29,3.39,2.59,3.04
Austria,2020-03-15,2.73,2.19,3.19,2.46,2.87
Austria,2020-03-16,2.73,2.24,3.15,2.5,2.87
Austria,2020-03-17,2.61,2.18,3.0100000000000002,2.39,2.73
Austria,2020-03-18,2.4,1.98,2.7600000000000002,2.19,2.5100000000000002
Austria,2020-03-19,2.3000000000000003,1.92,2.65,2.11,2.41
Austria,2020-03-20,2.2800000000000002,1.9100000000000001,2.6,2.11,2.39
Austria,2020-03-21,2.18,1.85,2.5,2.0,2.27
Austria,2020-03-22,2.0300000000000002,1.71,2.33,1.8900000000000001,2.14
Austria,2020-03-23,1.99,1.67,2.27,1.85,2.09
Austria,2020-03-24,1.82,1.5,2.08,1.69,1.92
Austria,2020-03-25,1.6,1.31,1.87,1.44,1.67
Austria,2020-03-26,1.41,1.1,1.6600000000000001,1.3,1.52
Austria,2020-03-27,1.31,1.02,1.57,1.18,1.4000000000000001
Austria,2020-03-28,1.1,0.81,1.36,0.98,1.2
Austria,2020-03-29,0.91,0.6,1.16,0.75,0.98
Austria,2020-03-30,0.77,0.46,1.03,0.62,0.85
Austria,2020-03-31,0.7000000000000001,0.39,0.97,0.58,0.81
Austria,2020-04-01,0.48,0.17,0.76,0.33,0.5700000000000001
Austria,2020-04-02,0.42,0.09,0.6900000000000001,0.25,0.5
Austria,2020-04-03,0.36,0.04,0.63,0.2,0.45
Austria,2020-04-04,0.32,0.02,0.6,0.18,0.43
Austria,2020-04-05,0.24,0.0,0.53,0.08,0.32
Austria,2020-04-06,0.28,0.0,0.58,0.14,0.39
Austria,2020-04-07,0.37,0.04,0.6900000000000001,0.2,0.48
Austria,2020-04-08,0.49,0.12,0.8300000000000001,0.29,0.59
Austria,2020-04-09,0.54,0.13,0.87,0.37,0.67
Austria,2020-04-10,0.5700000000000001,0.16,0.91,0.37,0.68
Austria,2020-04-11,0.5700000000000001,0.15,0.91,0.38,0.6900000000000001
Austria,2020-04-12,0.47000000000000003,0.08,0.8200000000000001,0.3,0.61
Austria,2020-04-13,0.33,0.0,0.67,0.13,0.43
Austria,2020-04-14,0.25,0.0,0.62,0.08,0.36
Austria,2020-04-15,0.21,0.0,0.58,0.05,0.31
Austria,2020-04-16,0.16,0.0,0.53,0.04,0.27
Austria,2020-04-17,0.17,0.0,0.53,0.0,0.24
Austria,2020-04-18,0.19,0.0,0.5700000000000001,0.04,0.29
Austria,2020-04-19,0.21,0.0,0.6,0.04,0.31
Austria,2020-04-20,0.2,0.0,0.6,0.07,0.33
Austria,2020-04-21,0.21,0.0,0.62,0.02,0.3
Austria,2020-04-22,0.24,0.0,0.68,0.07,0.37
Belgium,2020-03-04,3.0,0.91,6.75,1.85,4.23
Belgium,2020-03-05,3.14,1.42,4.98,2.38,3.87
Belgium,2020-03-06,2.94,1.54,4.2700000000000005,2.3000000000000003,3.43
Belgium,2020-03-07,2.67,1.55,3.7800000000000002,2.15,3.0700000000000003
Belgium,2020-03-08,2.42,1.41,3.34,1.97,2.7600000000000002
Belgium,2020-03-09,2.33,1.44,3.16,1.98,2.68
Belgium,2020-03-10,2.36,1.55,3.11,1.98,2.62
Belgium,2020-03-11,2.32,1.59,3.0100000000000002,1.99,2.57
Belgium,2020-03-12,2.39,1.72,3.02,2.08,2.61
Belgium,2020-03-13,2.44,1.83,3.02,2.13,2.62
Belgium,2020-03-14,2.4,1.81,2.91,2.12,2.57
Belgium,2020-03-15,2.37,1.82,2.84,2.15,2.56
Belgium,2020-03-16,2.32,1.81,2.7600000000000002,2.07,2.46
Belgium,2020-03-17,2.33,1.85,2.74,2.11,2.47
Belgium,2020-03-18,2.34,1.9100000000000001,2.74,2.13,2.47
Belgium,2020-03-19,2.32,1.9000000000000001,2.68,2.11,2.43
Belgium,2020-03-20,2.18,1.8,2.5300000000000002,1.99,2.29
Belgium,2020-03-21,2.07,1.69,2.39,1.9100000000000001,2.19
Belgium,2020-03-22,1.99,1.6300000000000001,2.3000000000000003,1.83,2.1
Belgium,2020-03-23,2.1,1.76,2.4,1.94,2.2
Belgium,2020-03-24,2.07,1.74,2.35,1.9000000000000001,2.15
Belgium,2020-03-25,2.24,1.94,2.5100000000000002,2.1,2.33
Belgium,2020-03-26,2.27,2.0,2.5300000000000002,2.12,2.34
Belgium,2020-03-27,2.09,1.83,2.33,1.98,2.18
Belgium,2020-03-28,1.85,1.61,2.09,1.71,1.9100000000000001
Belgium,2020-03-29,1.69,1.44,1.9100000000000001,1.57,1.76
Belgium,2020-03-30,1.49,1.24,1.7,1.35,1.54
Belgium,2020-03-31,1.3,1.05,1.51,1.21,1.3900000000000001
Belgium,2020-04-01,1.16,0.91,1.37,1.07,1.25
Belgium,2020-04-02,1.1,0.85,1.31,1.0,1.18
Belgium,2020-04-03,0.97,0.72,1.18,0.88,1.06
Belgium,2020-04-04,1.0,0.75,1.21,0.86,1.05
Belgium,2020-04-05,1.06,0.81,1.27,0.92,1.11
Belgium,2020-04-06,1.1300000000000001,0.87,1.33,1.02,1.2
Belgium,2020-04-07,1.12,0.89,1.34,1.01,1.19
Belgium,2020-04-08,1.07,0.8300000000000001,1.28,0.96,1.1400000000000001
Belgium,2020-04-09,1.1,0.85,1.3,0.98,1.16
Belgium,2020-04-10,1.0,0.75,1.2,0.88,1.06
Belgium,2020-04-11,0.89,0.65,1.1,0.78,0.96
Belgium,2020-04-12,1.08,0.84,1.29,0.97,1.1500000000000001
Belgium,2020-04-13,0.99,0.75,1.2,0.88,1.06
Belgium,2020-04-14,0.98,0.74,1.19,0.87,1.05
Belgium,2020-04-15,0.9,0.67,1.12,0.79,0.97
Belgium,2020-04-16,0.9,0.65,1.11,0.8,0.98
Belgium,2020-04-17,0.98,0.73,1.19,0.88,1.06
Belgium,2020-04-18,0.9,0.65,1.11,0.81,0.99
Belgium,2020-04-19,0.97,0.73,1.19,0.84,1.03
Belgium,2020-04-20,1.03,0.78,1.24,0.9400000000000001,1.12
Belgium,2020-04-21,0.74,0.5,0.96,0.61,0.8
Belgium,2020-04-22,0.86,0.6,1.07,0.73,0.92
Bulgaria,2020-03-15,3.0,0.91,6.75,1.85,4.23
Bulgaria,2020-03-16,2.5,0.93,4.5200000000000005,1.69,3.2
Bulgaria,2020-03-17,2.42,1.01,4.05,1.79,3.06
Bulgaria,2020-03-18,2.32,1.02,3.7,1.68,2.8000000000000003
Bulgaria,2020-03-19,2.23,1.05,3.46,1.67,2.67
Bulgaria,2020-03-20,2.08,0.96,3.16,1.55,2.46
Bulgaria,2020-03-21,2.02,0.98,3.0300000000000002,1.58,2.42
Bulgaria,2020-03-22,1.9100000000000001,0.9500000000000001,2.87,1.46,2.25
Bulgaria,2020-03-23,1.78,0.8200000000000001,2.65,1.34,2.09
Bulgaria,2020-03-24,1.72,0.8,2.56,1.3,2.02
Bulgaria,2020-03-25,1.71,0.8200000000000001,2.52,1.35,2.04
Bulgaria,2020-03-26,1.61,0.74,2.39,1.24,1.9100000000000001
Bulgaria,2020-03-27,1.5,0.66,2.27,1.1,1.76
Bulgaria,2020-03-28,1.48,0.66,2.24,1.08,1.73
Bulgaria,2020-03-29,1.46,0.63,2.19,1.06,1.7
Bulgaria,2020-03-30,1.44,0.61,2.15,1.05,1.68
Bulgaria,2020-03-31,1.41,0.64,2.15,1.04,1.6600000000000001
Bulgaria,2020-04-01,1.37,0.56,2.06,1.0,1.61
Bulgaria,2020-04-02,1.32,0.55,2.0300000000000002,1.0,1.6
Bulgaria,2020-04-03,1.26,0.49,1.96,0.9,1.5
Bulgaria,2020-04-04,1.23,0.44,1.9100000000000001,0.87,1.47
Bulgaria,2020-04-05,1.2,0.44,1.9000000000000001,0.8300000000000001,1.43
Bulgaria,2020-04-06,1.1500000000000001,0.38,1.84,0.78,1.3800000000000001
Bulgaria,2020-04-07,1.08,0.29,1.75,0.71,1.31
Bulgaria,2020-04-08,1.07,0.29,1.75,0.72,1.32
Bulgaria,2020-04-09,1.03,0.25,1.71,0.71,1.31
Bulgaria,2020-04-10,1.0,0.2,1.6600000000000001,0.63,1.24
Bulgaria,2020-04-11,0.97,0.16,1.62,0.62,1.23
Bulgaria,2020-04-12,1.0,0.18,1.6600000000000001,0.62,1.24
Bulgaria,2020-04-13,1.06,0.24,1.74,0.7000000000000001,1.32
Bulgaria,2020-04-14,1.1400000000000001,0.33,1.84,0.77,1.3900000000000001
Bulgaria,2020-04-15,1.19,0.38,1.8800000000000001,0.84,1.45
Bulgaria,2020-04-16,1.28,0.5,1.98,0.9500000000000001,1.55
Bulgaria,2020-04-17,1.27,0.48,1.94,0.9400000000000001,1.53
Bulgaria,2020-04-18,1.29,0.54,1.97,0.96,1.54
Bulgaria,2020-04-19,1.3,0.55,1.96,0.98,1.55
Bulgaria,2020-04-20,1.23,0.49,1.8800000000000001,0.9400000000000001,1.5
Bulgaria,2020-04-21,1.2,0.49,1.86,0.87,1.43
Bulgaria,2020-04-22,1.1300000000000001,0.43,1.79,0.78,1.34
Croatia,2020-03-16,3.0,0.91,6.75,1.85,4.23
Croatia,2020-03-17,2.71,1.01,4.75,1.8900000000000001,3.46
Croatia,2020-03-18,2.97,1.36,4.59,2.2,3.5500000000000003
Croatia,2020-03-19,2.81,1.42,4.12,2.16,3.2800000000000002
Croatia,2020-03-20,2.87,1.6600000000000001,4.0,2.35,3.31
Croatia,2020-03-21,2.84,1.78,3.81,2.38,3.21
Croatia,2020-03-22,2.63,1.72,3.5,2.21,2.94
Croatia,2020-03-23,2.5,1.67,3.27,2.08,2.74
Croatia,2020-03-24,2.39,1.6400000000000001,3.1,2.02,2.62
Croatia,2020-03-25,2.21,1.48,2.84,1.9000000000000001,2.45
Croatia,2020-03-26,2.02,1.34,2.62,1.72,2.24
Croatia,2020-03-27,1.86,1.22,2.44,1.55,2.05
Croatia,2020-03-28,1.75,1.1400000000000001,2.32,1.48,1.96
Croatia,2020-03-29,1.6500000000000001,1.05,2.2,1.36,1.83
Croatia,2020-03-30,1.53,0.9400000000000001,2.07,1.26,1.72
Croatia,2020-03-31,1.47,0.87,1.99,1.17,1.6300000000000001
Croatia,2020-04-01,1.33,0.74,1.85,1.07,1.52
Croatia,2020-04-02,1.23,0.63,1.74,0.96,1.41
Croatia,2020-04-03,1.1400000000000001,0.56,1.67,0.88,1.33
Croatia,2020-04-04,1.07,0.47000000000000003,1.59,0.77,1.23
Croatia,2020-04-05,1.01,0.4,1.53,0.73,1.19
Croatia,2020-04-06,0.97,0.37,1.51,0.73,1.19
Croatia,2020-04-07,0.98,0.37,1.52,0.6900000000000001,1.16
Croatia,2020-04-08,1.0,0.38,1.54,0.73,1.2
Croatia,2020-04-09,1.01,0.41000000000000003,1.57,0.75,1.22
Croatia,2020-04-10,1.03,0.43,1.59,0.77,1.24
Croatia,2020-04-11,1.02,0.42,1.58,0.77,1.24
Croatia,2020-04-12,1.0,0.4,1.56,0.75,1.22
Croatia,2020-04-13,0.96,0.33,1.5,0.66,1.1400000000000001
Croatia,2020-04-14,0.9,0.26,1.43,0.6,1.08
Croatia,2020-04-15,0.8200000000000001,0.21,1.37,0.54,1.02
Croatia,2020-04-16,0.72,0.11,1.25,0.41000000000000003,0.9
Croatia,2020-04-17,0.67,0.04,1.17,0.38,0.87
Croatia,2020-04-18,0.58,0.0,1.09,0.27,0.76
Croatia,2020-04-19,0.54,0.0,1.07,0.23,0.72
Croatia,2020-04-20,0.48,0.0,1.06,0.15,0.64
Croatia,2020-04-21,0.49,0.0,1.08,0.23,0.72
Croatia,2020-04-22,0.42,0.0,1.05,0.17,0.65
Cyprus,2020-03-20,3.0,0.91,6.75,1.85,4.23
Cyprus,2020-03-21,2.32,0.81,4.26,1.6,3.04
Cyprus,2020-03-22,2.18,0.87,3.81,1.54,2.77
Cyprus,2020-03-23,2.08,0.8300000000000001,3.47,1.48,2.58
Cyprus,2020-03-24,1.9100000000000001,0.74,3.14,1.33,2.33
Cyprus,2020-03-25,1.86,0.77,3.0300000000000002,1.31,2.25
Cyprus,2020-03-26,1.8900000000000001,0.84,3.0,1.41,2.3000000000000003
Cyprus,2020-03-27,1.83,0.77,2.83,1.32,2.17
Cyprus,2020-03-28,1.83,0.8300000000000001,2.8000000000000003,1.36,2.17
Cyprus,2020-03-29,1.9100000000000001,0.9500000000000001,2.84,1.44,2.22
Cyprus,2020-03-30,1.9100000000000001,0.98,2.7800000000000002,1.46,2.2
Cyprus,2020-03-31,1.97,1.09,2.8000000000000003,1.56,2.2600000000000002
Cyprus,2020-04-01,1.92,1.08,2.7,1.55,2.21
Cyprus,2020-04-02,1.8,0.99,2.54,1.45,2.08
Cyprus,2020-04-03,1.68,0.92,2.41,1.32,1.93
Cyprus,2020-04-04,1.55,0.78,2.24,1.24,1.83
Cyprus,2020-04-05,1.45,0.71,2.14,1.1400000000000001,1.72
Cyprus,2020-04-06,1.37,0.61,2.0300000000000002,1.02,1.6
Cyprus,2020-04-07,1.27,0.53,1.94,0.98,1.55
Cyprus,2020-04-08,1.21,0.47000000000000003,1.8800000000000001,0.92,1.49
Cyprus,2020-04-09,1.19,0.45,1.86,0.8300000000000001,1.41
Cyprus,2020-04-10,1.17,0.44,1.85,0.81,1.3900000000000001
Cyprus,2020-04-11,1.1500000000000001,0.43,1.84,0.79,1.37
Cyprus,2020-04-12,1.1300000000000001,0.37,1.79,0.78,1.36
Cyprus,2020-04-13,1.07,0.33,1.74,0.72,1.3
Cyprus,2020-04-14,1.0,0.25,1.6600000000000001,0.68,1.26
Cyprus,2020-04-15,0.9500000000000001,0.17,1.58,0.59,1.18
Cyprus,2020-04-16,0.89,0.11,1.51,0.5700000000000001,1.16
Cyprus,2020-04-17,0.84,0.08,1.46,0.47000000000000003,1.07
Cyprus,2020-04-18,0.78,0.03,1.3900000000000001,0.44,1.04
Cyprus,2020-04-19,0.72,0.01,1.34,0.38,0.98
Cyprus,2020-04-20,0.66,0.0,1.3,0.26,0.86
Cyprus,2020-04-21,0.62,0.0,1.29,0.23,0.8300000000000001
Cyprus,2020-04-22,0.5700000000000001,0.0,1.29,0.18,0.78
Czechia,2020-03-09,3.0,0.91,6.75,1.85,4.23
Czechia,2020-03-10,2.8000000000000003,1.12,4.7700000000000005,1.94,3.48
Czechia,2020-03-11,3.02,1.51,4.5600000000000005,2.32,3.59
Czechia,2020-03-12,3.1,1.79,4.33,2.49,3.54
Czechia,2020-03-13,2.85,1.78,3.9,2.37,3.24
Czechia,2020-03-14,2.7800000000000002,1.82,3.66,2.38,3.13
Czechia,2020-03-15,2.65,1.82,3.44,2.29,2.95
Czechia,2020-03-16,2.64,1.8900000000000001,3.34,2.32,2.91
Czechia,2020-03-17,2.65,1.95,3.2600000000000002,2.35,2.88
Czechia,2020-03-18,2.47,1.84,3.0300000000000002,2.22,2.7
Czechia,2020-03-19,2.36,1.78,2.88,2.08,2.5300000000000002
Czechia,2020-03-20,2.13,1.6,2.63,1.8800000000000001,2.3000000000000003
Czechia,2020-03-21,1.95,1.43,2.42,1.72,2.12
Czechia,2020-03-22,1.8900000000000001,1.4000000000000001,2.35,1.6500000000000001,2.04
Czechia,2020-03-23,1.92,1.43,2.35,1.72,2.09
Czechia,2020-03-24,1.85,1.37,2.2600000000000002,1.6300000000000001,1.99
Czechia,2020-03-25,1.8800000000000001,1.44,2.29,1.6500000000000001,2.0
Czechia,2020-03-26,1.77,1.35,2.17,1.6,1.93
Czechia,2020-03-27,1.69,1.27,2.07,1.47,1.8
Czechia,2020-03-28,1.59,1.18,1.96,1.3900000000000001,1.71
Czechia,2020-03-29,1.5,1.09,1.86,1.32,1.6300000000000001
Czechia,2020-03-30,1.36,0.96,1.72,1.17,1.48
Czechia,2020-03-31,1.25,0.84,1.6,1.05,1.36
Czechia,2020-04-01,1.1500000000000001,0.74,1.5,0.9500000000000001,1.26
Czechia,2020-04-02,1.08,0.67,1.43,0.88,1.19
Czechia,2020-04-03,1.0,0.61,1.37,0.81,1.12
Czechia,2020-04-04,0.99,0.58,1.35,0.81,1.12
Czechia,2020-04-05,0.99,0.58,1.35,0.81,1.12
Czechia,2020-04-06,0.92,0.52,1.29,0.75,1.06
Czechia,2020-04-07,0.87,0.45,1.23,0.66,0.98
Czechia,2020-04-08,0.8300000000000001,0.41000000000000003,1.2,0.63,0.9500000000000001
Czechia,2020-04-09,0.74,0.31,1.11,0.5700000000000001,0.89
Czechia,2020-04-10,0.66,0.22,1.03,0.46,0.79
Czechia,2020-04-11,0.61,0.18,1.0,0.39,0.73
Czechia,2020-04-12,0.53,0.1,0.91,0.33,0.67
Czechia,2020-04-13,0.46,0.05,0.84,0.22,0.5700000000000001
Czechia,2020-04-14,0.37,0.0,0.75,0.14,0.48
Czechia,2020-04-15,0.35000000000000003,0.0,0.75,0.12,0.46
Czechia,2020-04-16,0.46,0.02,0.86,0.22,0.59
Czechia,2020-04-17,0.5700000000000001,0.08,0.99,0.32,0.71
Czechia,2020-04-18,0.72,0.18,1.1500000000000001,0.47000000000000003,0.87
Czechia,2020-04-19,0.8200000000000001,0.31,1.28,0.56,0.96
Czechia,2020-04-20,0.89,0.37,1.34,0.68,1.07
Czechia,2020-04-21,0.88,0.38,1.34,0.65,1.04
Czechia,2020-04-22,0.92,0.41000000000000003,1.37,0.68,1.07
Denmark,2020-03-07,3.0,0.91,6.75,1.85,4.23
Denmark,2020-03-08,5.48,3.67,7.08,4.69,6.09
Denmark,2020-03-09,4.63,3.5,5.65,4.12,5.0
Denmark,2020-03-10,3.88,3.0500000000000003,4.66,3.49,4.15
Denmark,2020-03-11,3.18,2.48,3.81,2.88,3.42
Denmark,2020-03-12,2.68,2.05,3.22,2.37,2.85
Denmark,2020-03-13,2.22,1.6400000000000001,2.72,1.95,2.39
Denmark,2020-03-14,1.87,1.32,2.35,1.61,2.0300000000000002
Denmark,2020-03-15,1.54,1.03,2.0300000000000002,1.29,1.7
Denmark,2020-03-16,1.22,0.71,1.71,0.96,1.37
Denmark,2020-03-17,1.01,0.48,1.5,0.74,1.16
Denmark,2020-03-18,0.9400000000000001,0.4,1.44,0.66,1.09
Denmark,2020-03-19,0.93,0.35000000000000003,1.42,0.7000000000000001,1.1300000000000001
Denmark,2020-03-20,1.0,0.44,1.52,0.74,1.18
Denmark,2020-03-21,1.07,0.52,1.6,0.81,1.25
Denmark,2020-03-22,1.1500000000000001,0.58,1.6600000000000001,0.88,1.32
Denmark,2020-03-23,1.23,0.66,1.73,1.01,1.44
Denmark,2020-03-24,1.34,0.79,1.84,1.07,1.5
Denmark,2020-03-25,1.47,0.9500000000000001,1.97,1.2,1.62
Denmark,2020-03-26,1.53,1.02,2.0100000000000002,1.32,1.72
Denmark,2020-03-27,1.58,1.08,2.04,1.35,1.74
Denmark,2020-03-28,1.67,1.17,2.1,1.43,1.81
Denmark,2020-03-29,1.69,1.24,2.13,1.49,1.85
Denmark,2020-03-30,1.67,1.24,2.1,1.46,1.81
Denmark,2020-03-31,1.71,1.26,2.1,1.5,1.84
Denmark,2020-04-01,1.7,1.26,2.07,1.49,1.82
Denmark,2020-04-02,1.6500000000000001,1.25,2.0300000000000002,1.45,1.77
Denmark,2020-04-03,1.6,1.21,1.97,1.41,1.72
Denmark,2020-04-04,1.55,1.1500000000000001,1.9000000000000001,1.3800000000000001,1.68
Denmark,2020-04-05,1.48,1.09,1.82,1.28,1.58
Denmark,2020-04-06,1.34,0.96,1.68,1.17,1.46
Denmark,2020-04-07,1.19,0.81,1.53,1.02,1.31
Denmark,2020-04-08,1.04,0.67,1.3900000000000001,0.88,1.17
Denmark,2020-04-09,0.87,0.49,1.22,0.68,0.98
Denmark,2020-04-10,0.73,0.33,1.08,0.56,0.86
Denmark,2020-04-11,0.63,0.24,1.0,0.45,0.76
Denmark,2020-04-12,0.55,0.15,0.92,0.35000000000000003,0.67
Denmark,2020-04-13,0.5,0.09,0.86,0.28,0.61
Denmark,2020-04-14,0.52,0.08,0.88,0.3,0.64
Denmark,2020-04-15,0.61,0.14,0.98,0.38,0.73
Denmark,2020-04-16,0.68,0.21,1.07,0.47000000000000003,0.8200000000000001
Denmark,2020-04-17,0.73,0.25,1.12,0.53,0.88
Denmark,2020-04-18,0.78,0.32,1.19,0.59,0.9400000000000001
Denmark,2020-04-19,0.81,0.36,1.23,0.62,0.97
Denmark,2020-04-20,0.8200000000000001,0.37,1.24,0.64,0.99
Denmark,2020-04-21,0.8300000000000001,0.35000000000000003,1.23,0.6,0.96
Denmark,2020-04-22,0.8300000000000001,0.36,1.24,0.6,0.96
Estonia,2020-03-11,3.0,0.91,6.75,1.85,4.23
Estonia,2020-03-12,3.5700000000000003,1.58,5.68,2.68,4.4
Estonia,2020-03-13,3.23,1.69,4.75,2.54,3.81
Estonia,2020-03-14,2.95,1.69,4.18,2.35,3.38
Estonia,2020-03-15,2.66,1.54,3.67,2.2,3.0700000000000003
Estonia,2020-03-16,2.31,1.33,3.21,1.87,2.64
Estonia,2020-03-17,2.05,1.17,2.89,1.61,2.32
Estonia,2020-03-18,1.8,0.9500000000000001,2.57,1.43,2.09
Estonia,2020-03-19,1.55,0.73,2.29,1.16,1.8
Estonia,2020-03-20,1.42,0.63,2.16,1.03,1.6600000000000001
Estonia,2020-03-21,1.28,0.48,2.0,0.92,1.54
Estonia,2020-03-22,1.26,0.46,1.98,0.9,1.52
Estonia,2020-03-23,1.48,0.67,2.19,1.1,1.72
Estonia,2020-03-24,1.53,0.78,2.2600000000000002,1.1500000000000001,1.76
Estonia,2020-03-25,1.68,0.93,2.37,1.32,1.9100000000000001
Estonia,2020-03-26,1.73,0.99,2.38,1.37,1.94
Estonia,2020-03-27,1.7,0.99,2.33,1.35,1.9000000000000001
Estonia,2020-03-28,1.6,0.91,2.21,1.28,1.81
Estonia,2020-03-29,1.48,0.8,2.07,1.16,1.68
Estonia,2020-03-30,1.43,0.76,2.0100000000000002,1.11,1.62
Estonia,2020-03-31,1.3800000000000001,0.74,1.97,1.09,1.59
Estonia,2020-04-01,1.28,0.64,1.86,0.97,1.47
Estonia,2020-04-02,1.34,0.71,1.92,1.07,1.56
Estonia,2020-04-03,1.28,0.66,1.86,0.99,1.48
Estonia,2020-04-04,1.28,0.66,1.85,0.97,1.46
Estonia,2020-04-05,1.22,0.61,1.79,0.9400000000000001,1.42
Estonia,2020-04-06,1.1300000000000001,0.51,1.69,0.85,1.33
Estonia,2020-04-07,1.03,0.39,1.58,0.77,1.25
Estonia,2020-04-08,0.93,0.31,1.5,0.63,1.12
Estonia,2020-04-09,0.8,0.19,1.37,0.54,1.03
Estonia,2020-04-10,0.76,0.1,1.29,0.49,0.99
Estonia,2020-04-11,0.72,0.07,1.25,0.42,0.93
Estonia,2020-04-12,0.74,0.08,1.29,0.46,0.98
Estonia,2020-04-13,0.74,0.09,1.31,0.43,0.96
Estonia,2020-04-14,0.74,0.08,1.31,0.4,0.9400000000000001
Estonia,2020-04-15,0.79,0.1,1.37,0.45,1.0
Estonia,2020-04-16,0.78,0.07,1.35,0.48,1.03
Estonia,2020-04-17,0.77,0.07,1.35,0.42,0.98
Estonia,2020-04-18,0.79,0.08,1.3800000000000001,0.49,1.05
Estonia,2020-04-19,0.76,0.07,1.35,0.45,1.01
Estonia,2020-04-20,0.72,0.07,1.33,0.42,0.98
Estonia,2020-04-21,0.68,0.0,1.25,0.36,0.92
Estonia,2020-04-22,0.63,0.0,1.23,0.28,0.84
Finland,2020-03-07,3.0,0.91,6.75,1.85,4.23
Finland,2020-03-09,3.15,1.36,5.12,2.31,3.89
Finland,2020-03-10,2.97,1.49,4.41,2.32,3.5300000000000002
Finland,2020-03-12,2.93,1.7,4.12,2.35,3.35
Finland,2020-03-13,2.56,1.51,3.56,2.1,2.94
Finland,2020-03-14,2.32,1.3900000000000001,3.21,1.87,2.62
Finland,2020-03-15,2.16,1.31,2.97,1.77,2.45
Finland,2020-03-16,1.93,1.12,2.67,1.59,2.22
Finland,2020-03-17,1.8,1.05,2.52,1.46,2.06
Finland,2020-03-18,1.6400000000000001,0.9,2.32,1.3,1.8800000000000001
Finland,2020-03-19,1.73,1.0,2.38,1.41,1.97
Finland,2020-03-20,1.75,1.05,2.38,1.45,1.99
Finland,2020-03-21,1.77,1.11,2.39,1.48,2.0
Finland,2020-03-22,1.81,1.18,2.41,1.54,2.04
Finland,2020-03-23,1.77,1.1300000000000001,2.32,1.51,1.99
Finland,2020-03-24,1.67,1.06,2.21,1.3800000000000001,1.85
Finland,2020-03-25,1.72,1.16,2.27,1.48,1.93
Finland,2020-03-26,1.57,1.02,2.1,1.32,1.76
Finland,2020-03-27,1.48,0.9400000000000001,2.0,1.24,1.67
Finland,2020-03-28,1.35,0.81,1.86,1.09,1.52
Finland,2020-03-29,1.26,0.7000000000000001,1.75,0.99,1.42
Finland,2020-03-30,1.17,0.61,1.6600000000000001,0.9,1.33
Finland,2020-03-31,1.11,0.5700000000000001,1.62,0.84,1.27
Finland,2020-04-01,1.24,0.7000000000000001,1.75,0.97,1.4000000000000001
Finland,2020-04-02,1.25,0.71,1.75,1.04,1.46
Finland,2020-04-03,1.34,0.8,1.83,1.09,1.51
Finland,2020-04-04,1.5,0.96,1.97,1.25,1.6600000000000001
Finland,2020-04-05,1.57,1.04,2.02,1.31,1.71
Finland,2020-04-06,1.54,1.03,1.98,1.28,1.67
Finland,2020-04-07,1.51,1.03,1.95,1.26,1.6400000000000001
Finland,2020-04-08,1.43,0.97,1.87,1.19,1.56
Finland,2020-04-09,1.27,0.8200000000000001,1.71,1.07,1.43
Finland,2020-04-10,1.07,0.58,1.48,0.88,1.24
Finland,2020-04-11,1.01,0.51,1.42,0.77,1.1400000000000001
Finland,2020-04-12,0.8300000000000001,0.33,1.25,0.62,0.99
Finland,2020-04-13,0.79,0.28,1.22,0.56,0.9400000000000001
Finland,2020-04-14,0.74,0.24,1.19,0.5,0.89
Finland,2020-04-15,0.84,0.33,1.3,0.58,0.98
Finland,2020-04-16,0.87,0.35000000000000003,1.33,0.62,1.02
Finland,2020-04-17,0.92,0.4,1.3800000000000001,0.67,1.07
Finland,2020-04-18,1.03,0.5,1.48,0.77,1.17
Finland,2020-04-19,1.07,0.55,1.52,0.85,1.24
Finland,2020-04-20,1.08,0.5700000000000001,1.53,0.84,1.23
Finland,2020-04-21,1.09,0.59,1.54,0.84,1.23
Finland,2020-04-22,1.05,0.55,1.5,0.8,1.19
France,2020-02-27,3.0,0.91,6.75,1.85,4.23
France,2020-02-28,3.47,1.53,5.5,2.5300000000000002,4.2
France,2020-02-29,3.14,1.62,4.6000000000000005,2.42,3.66
France,2020-03-01,3.04,1.81,4.25,2.44,3.45
France,2020-03-02,3.14,2.06,4.12,2.69,3.5300000000000002
France,2020-03-03,3.22,2.33,4.0600000000000005,2.8000000000000003,3.5100000000000002
France,2020-03-04,2.99,2.19,3.68,2.61,3.22
France,2020-03-05,3.19,2.5,3.79,2.85,3.38
France,2020-03-06,3.0700000000000003,2.49,3.61,2.7800000000000002,3.24
France,2020-03-07,2.99,2.48,3.47,2.7800000000000002,3.18
France,2020-03-08,2.89,2.43,3.3200000000000003,2.69,3.0500000000000003
France,2020-03-09,2.8000000000000003,2.36,3.17,2.59,2.92
France,2020-03-10,2.71,2.32,3.06,2.5300000000000002,2.83
France,2020-03-11,2.58,2.2,2.89,2.4,2.68
France,2020-03-12,2.44,2.1,2.74,2.2800000000000002,2.54
France,2020-03-13,2.4,2.08,2.68,2.2600000000000002,2.5
France,2020-03-14,2.2,1.8900000000000001,2.46,2.06,2.29
France,2020-03-15,2.14,1.85,2.39,1.99,2.21
France,2020-03-16,2.12,1.85,2.36,1.97,2.18
France,2020-03-17,2.0,1.73,2.22,1.86,2.06
France,2020-03-18,1.9100000000000001,1.6500000000000001,2.12,1.78,1.97
France,2020-03-19,1.74,1.5,1.95,1.6300000000000001,1.81
France,2020-03-20,1.96,1.73,2.16,1.86,2.0300000000000002
France,2020-03-21,1.86,1.6400000000000001,2.05,1.73,1.9000000000000001
France,2020-03-22,1.81,1.61,2.0,1.7,1.86
France,2020-03-23,1.8800000000000001,1.67,2.05,1.78,1.93
France,2020-03-24,1.83,1.6300000000000001,1.99,1.75,1.8900000000000001
France,2020-03-25,1.81,1.6400000000000001,1.98,1.71,1.85
France,2020-03-26,1.6,1.42,1.75,1.52,1.6500000000000001
France,2020-03-27,1.55,1.3900000000000001,1.71,1.47,1.6
France,2020-03-28,1.76,1.59,1.9000000000000001,1.7,1.82
France,2020-03-29,1.51,1.35,1.6500000000000001,1.43,1.55
France,2020-03-30,1.31,1.1400000000000001,1.44,1.23,1.35
France,2020-03-31,1.32,1.17,1.46,1.24,1.36
France,2020-04-01,1.16,1.0,1.29,1.07,1.19
France,2020-04-02,0.9,0.74,1.03,0.81,0.93
France,2020-04-03,0.8,0.63,0.93,0.72,0.84
France,2020-04-04,0.8300000000000001,0.66,0.96,0.75,0.87
France,2020-04-05,0.72,0.5700000000000001,0.87,0.64,0.76
France,2020-04-06,0.61,0.45,0.76,0.55,0.67
France,2020-04-07,0.88,0.73,1.04,0.79,0.92
France,2020-04-08,1.07,0.91,1.22,1.01,1.1300000000000001
France,2020-04-09,0.78,0.62,0.93,0.6900000000000001,0.8200000000000001
France,2020-04-10,0.77,0.6,0.92,0.68,0.81
France,2020-04-11,1.08,0.91,1.23,0.99,1.12
France,2020-04-12,0.84,0.67,0.99,0.75,0.88
France,2020-04-13,0.78,0.62,0.9400000000000001,0.6900000000000001,0.8200000000000001
France,2020-04-14,0.55,0.38,0.71,0.48,0.61
France,2020-04-15,0.55,0.37,0.71,0.45,0.59
France,2020-04-16,0.34,0.17,0.52,0.26,0.4
France,2020-04-17,0.39,0.19,0.56,0.28,0.43
France,2020-04-18,0.56,0.35000000000000003,0.73,0.47000000000000003,0.62
France,2020-04-19,0.51,0.3,0.6900000000000001,0.4,0.56
France,2020-04-20,0.29,0.09,0.48,0.19,0.35000000000000003
France,2020-04-21,0.66,0.44,0.85,0.54,0.71
France,2020-04-22,0.86,0.64,1.05,0.78,0.9400000000000001
Germany,2020-02-27,3.0,0.91,6.75,1.85,4.23
Germany,2020-02-28,3.0100000000000002,1.29,5.05,2.22,3.8000000000000003
Germany,2020-02-29,2.97,1.46,4.47,2.3000000000000003,3.5500000000000003
Germany,2020-03-01,2.9,1.59,4.1,2.37,3.4
Germany,2020-03-02,3.06,1.93,4.07,2.5300000000000002,3.41
Germany,2020-03-03,3.49,2.54,4.33,3.0700000000000003,3.8000000000000003
Germany,2020-03-04,3.31,2.54,4.03,2.95,3.56
Germany,2020-03-05,2.99,2.31,3.6,2.66,3.19
Germany,2020-03-06,2.81,2.2,3.35,2.52,2.99
Germany,2020-03-07,2.57,2.04,3.08,2.3000000000000003,2.73
Germany,2020-03-08,2.4,1.8800000000000001,2.85,2.19,2.58
Germany,2020-03-09,2.59,2.11,3.0100000000000002,2.35,2.72
Germany,2020-03-10,2.64,2.22,3.04,2.47,2.8000000000000003
Germany,2020-03-11,2.65,2.23,2.99,2.45,2.7600000000000002
Germany,2020-03-12,2.69,2.33,3.02,2.52,2.8000000000000003
Germany,2020-03-13,2.7,2.35,2.99,2.5300000000000002,2.79
Germany,2020-03-14,2.59,2.27,2.86,2.43,2.67
Germany,2020-03-15,2.33,2.0300000000000002,2.58,2.19,2.41
Germany,2020-03-16,3.16,2.89,3.39,3.04,3.24
Germany,2020-03-17,3.08,2.84,3.2800000000000002,2.96,3.14
Germany,2020-03-18,2.7600000000000002,2.54,2.94,2.65,2.81
Germany,2020-03-19,2.49,2.29,2.66,2.39,2.54
Germany,2020-03-20,2.3000000000000003,2.12,2.46,2.2,2.34
Germany,2020-03-21,1.84,1.6500000000000001,1.98,1.75,1.8800000000000001
Germany,2020-03-22,1.7,1.52,1.84,1.61,1.74
Germany,2020-03-23,1.62,1.45,1.76,1.55,1.67
Germany,2020-03-24,1.6,1.44,1.74,1.52,1.6400000000000001
Germany,2020-03-25,1.21,1.06,1.35,1.12,1.24
Germany,2020-03-26,1.3,1.1500000000000001,1.44,1.21,1.33
Germany,2020-03-27,1.32,1.1500000000000001,1.44,1.26,1.37
Germany,2020-03-28,1.29,1.1500000000000001,1.43,1.23,1.34
Germany,2020-03-29,1.23,1.08,1.36,1.16,1.27
Germany,2020-03-30,1.3,1.16,1.43,1.22,1.33
Germany,2020-03-31,1.18,1.04,1.31,1.1,1.21
Germany,2020-04-01,1.1500000000000001,1.0,1.27,1.07,1.18
Germany,2020-04-02,1.01,0.86,1.1300000000000001,0.93,1.04
Germany,2020-04-03,1.02,0.87,1.1400000000000001,0.93,1.04
Germany,2020-04-04,0.88,0.73,1.0,0.8,0.91
Germany,2020-04-05,0.8200000000000001,0.68,0.9500000000000001,0.74,0.85
Germany,2020-04-06,0.77,0.62,0.9,0.7000000000000001,0.81
Germany,2020-04-07,0.7000000000000001,0.55,0.8300000000000001,0.63,0.74
Germany,2020-04-08,0.63,0.47000000000000003,0.76,0.54,0.66
Germany,2020-04-09,0.59,0.43,0.73,0.51,0.63
Germany,2020-04-10,0.51,0.36,0.66,0.44,0.56
Germany,2020-04-11,0.56,0.4,0.71,0.46,0.59
Germany,2020-04-12,0.5,0.33,0.65,0.41000000000000003,0.54
Germany,2020-04-13,0.5,0.33,0.66,0.43,0.56
Germany,2020-04-14,0.54,0.36,0.7000000000000001,0.44,0.58
Germany,2020-04-15,0.58,0.38,0.73,0.48,0.62
Germany,2020-04-16,0.7000000000000001,0.51,0.86,0.61,0.75
Germany,2020-04-17,0.8200000000000001,0.64,0.99,0.73,0.87
Germany,2020-04-18,0.84,0.64,1.0,0.76,0.9
Germany,2020-04-19,0.85,0.65,1.01,0.77,0.91
Germany,2020-04-20,0.77,0.59,0.9500000000000001,0.67,0.8200000000000001
Germany,2020-04-21,0.6900000000000001,0.49,0.86,0.59,0.74
Germany,2020-04-22,0.6,0.39,0.77,0.5,0.65
Greece,2020-03-06,3.0,0.91,6.75,1.85,4.23
Greece,2020-03-07,2.5,0.93,4.5200000000000005,1.69,3.2
Greece,2020-03-08,2.2800000000000002,0.92,3.89,1.68,2.92
Greece,2020-03-09,2.14,0.88,3.5100000000000002,1.51,2.61
Greece,2020-03-10,2.29,1.08,3.5500000000000003,1.68,2.71
Greece,2020-03-11,2.19,1.04,3.29,1.6500000000000001,2.58
Greece,2020-03-12,2.52,1.45,3.5500000000000003,2.06,2.92
Greece,2020-03-13,2.43,1.46,3.35,1.96,2.74
Greece,2020-03-14,2.33,1.45,3.17,1.98,2.68
Greece,2020-03-15,2.2,1.36,2.95,1.82,2.47
Greece,2020-03-16,2.06,1.26,2.75,1.68,2.29
Greece,2020-03-17,1.86,1.1300000000000001,2.54,1.5,2.08
Greece,2020-03-18,1.67,0.98,2.34,1.32,1.8800000000000001
Greece,2020-03-19,1.59,0.9,2.23,1.3,1.84
Greece,2020-03-20,1.55,0.85,2.16,1.25,1.78
Greece,2020-03-21,1.46,0.78,2.07,1.2,1.72
Greece,2020-03-22,1.52,0.85,2.12,1.2,1.72
Greece,2020-03-23,1.54,0.9,2.14,1.22,1.73
Greece,2020-03-24,1.55,0.93,2.14,1.3,1.79
Greece,2020-03-25,1.55,0.91,2.1,1.29,1.77
Greece,2020-03-26,1.56,0.9400000000000001,2.1,1.29,1.76
Greece,2020-03-27,1.49,0.91,2.04,1.22,1.68
Greece,2020-03-28,1.43,0.87,1.98,1.19,1.6400000000000001
Greece,2020-03-29,1.37,0.79,1.8900000000000001,1.09,1.54
Greece,2020-03-30,1.4000000000000001,0.81,1.9000000000000001,1.1500000000000001,1.59
Greece,2020-03-31,1.37,0.81,1.8800000000000001,1.09,1.53
Greece,2020-04-01,1.31,0.75,1.81,1.06,1.49
Greece,2020-04-02,1.25,0.7000000000000001,1.75,0.98,1.41
Greece,2020-04-03,1.1300000000000001,0.5700000000000001,1.62,0.86,1.29
Greece,2020-04-04,1.05,0.51,1.56,0.78,1.21
Greece,2020-04-05,0.98,0.43,1.49,0.73,1.16
Greece,2020-04-06,0.89,0.33,1.4000000000000001,0.61,1.05
Greece,2020-04-07,0.84,0.29,1.37,0.61,1.05
Greece,2020-04-08,0.79,0.21,1.3,0.52,0.97
Greece,2020-04-09,0.76,0.18,1.28,0.48,0.9400000000000001
Greece,2020-04-10,0.76,0.14,1.26,0.46,0.93
Greece,2020-04-11,0.74,0.13,1.25,0.47000000000000003,0.9400000000000001
Greece,2020-04-12,0.73,0.11,1.24,0.44,0.92
Greece,2020-04-13,0.6,0.02,1.09,0.28,0.76
Greece,2020-04-14,0.5,0.01,1.02,0.24,0.7000000000000001
Greece,2020-04-15,0.29,0.0,0.9,0.07,0.48
Greece,2020-04-16,0.24,0.0,0.86,0.05,0.43
Greece,2020-04-17,0.22,0.0,0.8200000000000001,0.05,0.4
Greece,2020-04-18,0.34,0.0,1.0,0.14,0.58
Greece,2020-04-19,0.51,0.0,1.1400000000000001,0.22,0.73
Greece,2020-04-20,0.75,0.1,1.3900000000000001,0.39,0.96
Greece,2020-04-21,0.98,0.23,1.62,0.64,1.22
Greece,2020-04-22,1.24,0.53,1.9100000000000001,0.9500000000000001,1.51
Hungary,2020-03-17,3.0,0.91,6.75,1.85,4.23
Hungary,2020-03-18,2.71,1.01,4.75,1.8900000000000001,3.46
Hungary,2020-03-19,2.67,1.16,4.28,1.92,3.23
Hungary,2020-03-20,2.46,1.1400000000000001,3.8000000000000003,1.81,2.92
Hungary,2020-03-21,2.46,1.25,3.64,1.8900000000000001,2.88
Hungary,2020-03-22,2.34,1.26,3.4,1.86,2.74
Hungary,2020-03-23,2.29,1.26,3.22,1.85,2.65
Hungary,2020-03-24,2.13,1.19,2.99,1.68,2.42
Hungary,2020-03-25,2.12,1.25,2.93,1.7,2.39
Hungary,2020-03-26,2.02,1.18,2.7600000000000002,1.68,2.32
Hungary,2020-03-27,1.93,1.17,2.66,1.57,2.18
Hungary,2020-03-28,1.8,1.05,2.48,1.48,2.06
Hungary,2020-03-29,1.75,1.02,2.4,1.43,1.99
Hungary,2020-03-30,1.62,0.92,2.2600000000000002,1.28,1.83
Hungary,2020-03-31,1.55,0.87,2.18,1.28,1.81
Hungary,2020-04-01,1.49,0.81,2.1,1.1500000000000001,1.68
Hungary,2020-04-02,1.37,0.72,1.99,1.06,1.58
Hungary,2020-04-03,1.34,0.7000000000000001,1.96,1.01,1.53
Hungary,2020-04-04,1.33,0.66,1.92,1.04,1.55
Hungary,2020-04-05,1.37,0.73,1.97,1.05,1.56
Hungary,2020-04-06,1.57,0.93,2.15,1.26,1.76
Hungary,2020-04-07,1.67,1.05,2.23,1.3900000000000001,1.87
Hungary,2020-04-08,1.75,1.1300000000000001,2.27,1.49,1.95
Hungary,2020-04-09,1.7,1.1400000000000001,2.23,1.41,1.86
Hungary,2020-04-10,1.61,1.05,2.11,1.36,1.79
Hungary,2020-04-11,1.51,0.9500000000000001,1.99,1.26,1.68
Hungary,2020-04-12,1.33,0.8,1.82,1.06,1.48
Hungary,2020-04-13,1.2,0.66,1.68,0.93,1.35
Hungary,2020-04-14,1.08,0.52,1.55,0.81,1.23
Hungary,2020-04-15,0.9500000000000001,0.39,1.43,0.71,1.1300000000000001
Hungary,2020-04-16,0.93,0.38,1.43,0.66,1.09
Hungary,2020-04-17,0.98,0.41000000000000003,1.48,0.75,1.18
Hungary,2020-04-18,1.03,0.46,1.53,0.81,1.24
Hungary,2020-04-19,1.06,0.48,1.55,0.8300000000000001,1.26
Hungary,2020-04-20,1.06,0.52,1.58,0.8200000000000001,1.25
Hungary,2020-04-21,1.06,0.51,1.57,0.8200000000000001,1.25
Hungary,2020-04-22,1.02,0.46,1.52,0.77,1.2
Ireland,2020-03-11,3.0,0.91,6.75,1.85,4.23
Ireland,2020-03-12,3.0100000000000002,1.29,5.05,2.22,3.8000000000000003
Ireland,2020-03-13,3.1,1.56,4.6000000000000005,2.43,3.69
Ireland,2020-03-14,3.04,1.74,4.24,2.45,3.48
Ireland,2020-03-15,2.93,1.86,3.96,2.47,3.33
Ireland,2020-03-16,3.0700000000000003,2.14,3.94,2.63,3.37
Ireland,2020-03-17,2.98,2.17,3.72,2.63,3.2600000000000002
Ireland,2020-03-18,2.7600000000000002,2.02,3.39,2.41,2.97
Ireland,2020-03-19,2.58,1.94,3.17,2.29,2.79
Ireland,2020-03-20,2.48,1.8800000000000001,3.0100000000000002,2.2,2.66
Ireland,2020-03-21,2.35,1.78,2.83,2.07,2.5
Ireland,2020-03-22,2.23,1.71,2.69,1.98,2.38
Ireland,2020-03-23,2.12,1.6300000000000001,2.56,1.8800000000000001,2.2600000000000002
Ireland,2020-03-24,2.05,1.57,2.46,1.83,2.19
Ireland,2020-03-25,1.94,1.49,2.34,1.71,2.06
Ireland,2020-03-26,1.82,1.4000000000000001,2.22,1.6500000000000001,1.98
Ireland,2020-03-27,1.75,1.32,2.12,1.53,1.86
Ireland,2020-03-28,1.6600000000000001,1.25,2.0300000000000002,1.45,1.77
Ireland,2020-03-29,1.48,1.07,1.84,1.3,1.61
Ireland,2020-03-30,1.44,1.03,1.79,1.24,1.55
Ireland,2020-03-31,1.42,1.01,1.76,1.25,1.55
Ireland,2020-04-01,1.3800000000000001,0.98,1.72,1.19,1.49
Ireland,2020-04-02,1.42,1.02,1.75,1.21,1.51
Ireland,2020-04-03,1.35,0.96,1.68,1.18,1.47
Ireland,2020-04-04,1.34,0.96,1.67,1.1500000000000001,1.44
Ireland,2020-04-05,1.35,0.96,1.6600000000000001,1.18,1.46
Ireland,2020-04-06,1.59,1.23,1.9100000000000001,1.4000000000000001,1.68
Ireland,2020-04-07,1.68,1.35,2.0,1.5,1.77
Ireland,2020-04-08,1.75,1.41,2.04,1.62,1.87
Ireland,2020-04-09,1.75,1.44,2.04,1.62,1.86
Ireland,2020-04-10,1.8,1.49,2.07,1.6300000000000001,1.87
Ireland,2020-04-11,1.69,1.3900000000000001,1.95,1.53,1.76
Ireland,2020-04-12,1.67,1.4000000000000001,1.94,1.53,1.75
Ireland,2020-04-13,1.5,1.22,1.75,1.3900000000000001,1.6
Ireland,2020-04-14,1.31,1.02,1.55,1.19,1.4000000000000001
Ireland,2020-04-15,1.09,0.8,1.33,0.97,1.18
Ireland,2020-04-16,0.97,0.6900000000000001,1.22,0.87,1.08
Ireland,2020-04-17,0.81,0.51,1.05,0.66,0.88
Ireland,2020-04-18,0.66,0.37,0.92,0.54,0.76
Ireland,2020-04-19,0.56,0.28,0.84,0.41000000000000003,0.64
Ireland,2020-04-20,0.52,0.21,0.79,0.35000000000000003,0.59
Ireland,2020-04-21,0.41000000000000003,0.11,0.6900000000000001,0.26,0.5
Ireland,2020-04-22,0.44,0.1,0.71,0.28,0.53
Italy,2020-02-20,3.0,0.91,6.75,1.85,4.23
Italy,2020-02-21,4.65,2.4,6.7700000000000005,3.65,5.47
Italy,2020-02-22,4.25,2.7,5.66,3.54,4.76
Italy,2020-02-23,3.86,2.67,4.91,3.31,4.23
Italy,2020-02-24,3.83,2.93,4.7,3.38,4.11
Italy,2020-02-25,3.63,2.86,4.3100000000000005,3.29,3.88
Italy,2020-02-26,3.34,2.68,3.91,3.0500000000000003,3.5500000000000003
Italy,2020-02-27,3.34,2.77,3.83,3.08,3.5100000000000002
Italy,2020-02-28,3.0500000000000003,2.56,3.49,2.82,3.2
Italy,2020-02-29,2.86,2.41,3.25,2.65,2.99
Italy,2020-03-01,2.68,2.27,3.04,2.5,2.81
Italy,2020-03-02,2.56,2.2,2.91,2.38,2.67
Italy,2020-03-03,2.42,2.06,2.73,2.2600000000000002,2.5300000000000002
Italy,2020-03-04,2.38,2.04,2.67,2.25,2.5
Italy,2020-03-05,2.4,2.08,2.67,2.24,2.48
Italy,2020-03-06,2.44,2.14,2.69,2.31,2.5300000000000002
Italy,2020-03-07,2.16,1.8800000000000001,2.4,2.02,2.23
Italy,2020-03-08,2.23,1.97,2.46,2.1,2.3000000000000003
Italy,2020-03-09,2.23,1.98,2.44,2.09,2.2800000000000002
Italy,2020-03-10,2.12,1.9000000000000001,2.33,2.0300000000000002,2.2
Italy,2020-03-11,2.12,1.9000000000000001,2.31,2.04,2.2
Italy,2020-03-12,1.98,1.77,2.16,1.87,2.0300000000000002
Italy,2020-03-13,1.95,1.75,2.12,1.84,1.99
Italy,2020-03-14,1.81,1.6300000000000001,1.98,1.73,1.87
Italy,2020-03-15,1.74,1.56,1.9000000000000001,1.6400000000000001,1.78
Italy,2020-03-16,1.81,1.6300000000000001,1.96,1.73,1.86
Italy,2020-03-17,1.75,1.59,1.9000000000000001,1.6600000000000001,1.79
Italy,2020-03-18,1.76,1.59,1.8900000000000001,1.68,1.8
Italy,2020-03-19,1.68,1.52,1.81,1.59,1.71
Italy,2020-03-20,1.51,1.35,1.6300000000000001,1.43,1.54
Italy,2020-03-21,1.43,1.29,1.56,1.36,1.47
Italy,2020-03-22,1.26,1.11,1.3800000000000001,1.18,1.29
Italy,2020-03-23,1.22,1.07,1.34,1.1300000000000001,1.24
Italy,2020-03-24,1.12,0.97,1.24,1.04,1.1500000000000001
Italy,2020-03-25,1.05,0.92,1.18,0.97,1.08
Italy,2020-03-26,0.99,0.86,1.12,0.91,1.02
Italy,2020-03-27,0.89,0.74,1.01,0.81,0.92
Italy,2020-03-28,0.87,0.73,1.0,0.79,0.9
Italy,2020-03-29,0.88,0.73,1.0,0.8,0.91
Italy,2020-03-30,0.81,0.67,0.9400000000000001,0.73,0.84
Italy,2020-03-31,0.77,0.62,0.9,0.7000000000000001,0.81
Italy,2020-04-01,0.76,0.61,0.89,0.6900000000000001,0.8
Italy,2020-04-02,0.78,0.62,0.91,0.73,0.84
Italy,2020-04-03,0.78,0.62,0.91,0.6900000000000001,0.81
Italy,2020-04-04,0.78,0.63,0.92,0.6900000000000001,0.81
Italy,2020-04-05,0.84,0.67,0.97,0.75,0.87
Italy,2020-04-06,0.84,0.68,0.98,0.76,0.88
Italy,2020-04-07,0.79,0.63,0.93,0.71,0.8300000000000001
Italy,2020-04-08,0.88,0.73,1.03,0.8,0.92
Italy,2020-04-09,0.93,0.76,1.07,0.86,0.98
Italy,2020-04-10,0.91,0.74,1.05,0.84,0.96
Italy,2020-04-11,0.91,0.74,1.05,0.84,0.96
Italy,2020-04-12,0.87,0.71,1.02,0.81,0.93
Italy,2020-04-13,0.9,0.74,1.05,0.84,0.96
Italy,2020-04-14,0.81,0.63,0.9500000000000001,0.72,0.85
Italy,2020-04-15,0.78,0.61,0.93,0.6900000000000001,0.8200000000000001
Italy,2020-04-16,0.79,0.63,0.9500000000000001,0.7000000000000001,0.8300000000000001
Italy,2020-04-17,0.71,0.53,0.86,0.63,0.76
Italy,2020-04-18,0.77,0.6,0.93,0.6900000000000001,0.8200000000000001
Italy,2020-04-19,0.87,0.68,1.02,0.8,0.93
Italy,2020-04-20,0.88,0.6900000000000001,1.03,0.78,0.92
Italy,2020-04-21,0.89,0.7000000000000001,1.04,0.79,0.93
Italy,2020-04-22,0.76,0.58,0.92,0.66,0.8
Latvia,2020-03-17,3.0,0.91,6.75,1.85,4.23
Latvia,2020-03-18,2.46,0.9500000000000001,4.44,1.6600000000000001,3.13
Latvia,2020-03-19,2.36,0.97,3.92,1.76,2.99
Latvia,2020-03-20,2.36,1.07,3.7,1.82,2.91
Latvia,2020-03-21,2.16,0.98,3.31,1.6600000000000001,2.62
Latvia,2020-03-22,2.08,0.99,3.13,1.6,2.48
Latvia,2020-03-23,1.95,0.96,2.94,1.46,2.2800000000000002
Latvia,2020-03-24,1.9000000000000001,0.9500000000000001,2.82,1.45,2.22
Latvia,2020-03-25,1.81,0.88,2.66,1.3800000000000001,2.11
Latvia,2020-03-26,1.85,0.98,2.68,1.43,2.13
Latvia,2020-03-27,1.76,0.9,2.5300000000000002,1.35,2.02
Latvia,2020-03-28,1.68,0.86,2.43,1.32,1.96
Latvia,2020-03-29,1.62,0.84,2.36,1.27,1.8900000000000001
Latvia,2020-03-30,1.51,0.72,2.21,1.1300000000000001,1.74
Latvia,2020-03-31,1.47,0.72,2.18,1.1,1.7
Latvia,2020-04-01,1.35,0.63,2.07,1.0,1.59
Latvia,2020-04-02,1.29,0.52,1.96,0.92,1.51
Latvia,2020-04-03,1.2,0.46,1.8900000000000001,0.9,1.48
Latvia,2020-04-04,1.07,0.31,1.74,0.71,1.3
Latvia,2020-04-05,1.06,0.31,1.75,0.74,1.33
Latvia,2020-04-06,1.0,0.23,1.67,0.64,1.24
Latvia,2020-04-07,0.9400000000000001,0.18,1.61,0.55,1.16
Latvia,2020-04-08,0.9400000000000001,0.14,1.59,0.61,1.22
Latvia,2020-04-09,0.91,0.11,1.56,0.54,1.16
Latvia,2020-04-10,0.92,0.12,1.58,0.53,1.16
Latvia,2020-04-11,0.89,0.11,1.56,0.53,1.16
Latvia,2020-04-12,0.85,0.05,1.5,0.45,1.09
Latvia,2020-04-13,0.8200000000000001,0.03,1.47,0.44,1.08
Latvia,2020-04-14,0.71,0.0,1.37,0.3,0.93
Latvia,2020-04-15,0.76,0.01,1.43,0.34,0.99
Latvia,2020-04-16,0.72,0.0,1.41,0.29,0.9400000000000001
Latvia,2020-04-17,0.73,0.02,1.44,0.28,0.9400000000000001
Latvia,2020-04-18,0.79,0.03,1.5,0.39,1.06
Latvia,2020-04-19,0.84,0.02,1.54,0.39,1.08
Latvia,2020-04-20,0.89,0.04,1.6,0.44,1.1400000000000001
Latvia,2020-04-21,0.89,0.05,1.61,0.45,1.1500000000000001
Latvia,2020-04-22,0.9,0.06,1.62,0.46,1.16
Lithuania,2020-03-18,3.0,0.91,6.75,1.85,4.23
Lithuania,2020-03-19,3.17,1.3,5.3100000000000005,2.25,3.94
Lithuania,2020-03-20,3.0100000000000002,1.45,4.61,2.27,3.59
Lithuania,2020-03-21,2.82,1.5,4.13,2.2,3.29
Lithuania,2020-03-22,2.7800000000000002,1.61,3.89,2.24,3.18
Lithuania,2020-03-23,2.56,1.51,3.5100000000000002,2.08,2.9
Lithuania,2020-03-24,2.43,1.47,3.27,1.97,2.71
Lithuania,2020-03-25,2.2,1.35,2.99,1.82,2.49
Lithuania,2020-03-26,2.13,1.33,2.86,1.74,2.37
Lithuania,2020-03-27,1.9100000000000001,1.1400000000000001,2.59,1.57,2.16
Lithuania,2020-03-28,1.78,1.04,2.43,1.43,2.0
Lithuania,2020-03-29,1.68,0.99,2.33,1.34,1.8900000000000001
Lithuania,2020-03-30,1.59,0.91,2.22,1.32,1.85
Lithuania,2020-03-31,1.59,0.93,2.21,1.3,1.82
Lithuania,2020-04-01,1.52,0.85,2.11,1.23,1.74
Lithuania,2020-04-02,1.43,0.78,2.02,1.11,1.62
Lithuania,2020-04-03,1.37,0.71,1.94,1.07,1.57
Lithuania,2020-04-04,1.25,0.61,1.83,0.9400000000000001,1.44
Lithuania,2020-04-05,1.22,0.5700000000000001,1.79,0.9,1.4000000000000001
Lithuania,2020-04-06,1.11,0.47000000000000003,1.69,0.8,1.3
Lithuania,2020-04-07,1.03,0.38,1.61,0.74,1.24
Lithuania,2020-04-08,0.99,0.33,1.57,0.67,1.18
Lithuania,2020-04-09,0.88,0.22,1.46,0.6,1.11
Lithuania,2020-04-10,0.92,0.22,1.49,0.62,1.1400000000000001
Lithuania,2020-04-11,0.8300000000000001,0.14,1.4000000000000001,0.5,1.03
Lithuania,2020-04-12,0.78,0.13,1.37,0.49,1.02
Lithuania,2020-04-13,0.75,0.07,1.31,0.42,0.96
Lithuania,2020-04-14,0.84,0.11,1.42,0.49,1.05
Lithuania,2020-04-15,0.91,0.18,1.52,0.59,1.1500000000000001
Lithuania,2020-04-16,0.99,0.28,1.6400000000000001,0.68,1.24
Lithuania,2020-04-17,1.07,0.32,1.69,0.73,1.29
Lithuania,2020-04-18,1.1300000000000001,0.39,1.75,0.8200000000000001,1.37
Lithuania,2020-04-19,1.16,0.44,1.78,0.88,1.42
Lithuania,2020-04-20,1.1300000000000001,0.44,1.76,0.8,1.34
Lithuania,2020-04-21,1.07,0.37,1.68,0.78,1.31
Lithuania,2020-04-22,0.97,0.27,1.57,0.68,1.21
Luxembourg,2020-03-13,3.0,0.91,6.75,1.85,4.23
Luxembourg,2020-03-14,3.5,1.6300000000000001,5.45,2.64,4.24
Luxembourg,2020-03-16,3.84,2.34,5.21,3.18,4.36
Luxembourg,2020-03-17,3.74,2.58,4.7700000000000005,3.2,4.1
Luxembourg,2020-03-18,3.62,2.72,4.46,3.22,3.93
Luxembourg,2020-03-19,3.27,2.5,3.95,2.93,3.52
Luxembourg,2020-03-20,2.89,2.23,3.49,2.62,3.13
Luxembourg,2020-03-21,2.67,2.07,3.2,2.4,2.86
Luxembourg,2020-03-22,2.5,1.94,2.98,2.25,2.67
Luxembourg,2020-03-23,2.2,1.68,2.65,1.93,2.33
Luxembourg,2020-03-24,1.97,1.48,2.41,1.73,2.11
Luxembourg,2020-03-25,1.81,1.33,2.23,1.57,1.94
Luxembourg,2020-03-26,1.62,1.16,2.04,1.4000000000000001,1.76
Luxembourg,2020-03-27,1.3800000000000001,0.9500000000000001,1.82,1.1500000000000001,1.51
Luxembourg,2020-03-28,1.29,0.8200000000000001,1.7,1.06,1.42
Luxembourg,2020-03-29,1.2,0.73,1.61,0.97,1.33
Luxembourg,2020-03-30,1.07,0.61,1.49,0.85,1.21
Luxembourg,2020-03-31,0.98,0.51,1.4000000000000001,0.77,1.1300000000000001
Luxembourg,2020-04-01,0.97,0.5,1.4000000000000001,0.73,1.1
Luxembourg,2020-04-02,0.91,0.43,1.34,0.6900000000000001,1.06
Luxembourg,2020-04-03,0.8,0.31,1.23,0.6,0.97
Luxembourg,2020-04-04,0.8,0.29,1.23,0.58,0.96
Luxembourg,2020-04-05,0.77,0.26,1.21,0.52,0.91
Luxembourg,2020-04-06,0.66,0.14,1.09,0.44,0.8300000000000001
Luxembourg,2020-04-07,0.63,0.12,1.07,0.39,0.79
Luxembourg,2020-04-08,0.5700000000000001,0.05,0.99,0.36,0.76
Luxembourg,2020-04-09,0.51,0.02,0.9400000000000001,0.24,0.65
Luxembourg,2020-04-10,0.45,0.0,0.89,0.21,0.61
Luxembourg,2020-04-11,0.37,0.0,0.85,0.14,0.53
Luxembourg,2020-04-12,0.33,0.0,0.84,0.13,0.51
Luxembourg,2020-04-13,0.27,0.0,0.8,0.06,0.42
Luxembourg,2020-04-14,0.27,0.0,0.81,0.08,0.44
Luxembourg,2020-04-15,0.31,0.0,0.86,0.09,0.48
Luxembourg,2020-04-16,0.3,0.0,0.86,0.08,0.47000000000000003
Luxembourg,2020-04-17,0.36,0.0,0.93,0.11,0.53
Luxembourg,2020-04-18,0.47000000000000003,0.0,1.03,0.2,0.66
Luxembourg,2020-04-19,0.56,0.02,1.11,0.25,0.74
Luxembourg,2020-04-20,0.59,0.0,1.12,0.27,0.77
Luxembourg,2020-04-21,0.56,0.0,1.1,0.23,0.73
Luxembourg,2020-04-22,0.53,0.0,1.08,0.24,0.73
Malta,2020-04-02,3.0,0.91,6.75,1.85,4.23
Malta,2020-04-03,2.5,0.93,4.5200000000000005,1.69,3.2
Malta,2020-04-04,2.56,1.08,4.19,1.8800000000000001,3.18
Malta,2020-04-05,2.3000000000000003,1.01,3.66,1.74,2.84
Malta,2020-04-06,2.3000000000000003,1.1300000000000001,3.54,1.74,2.74
Malta,2020-04-07,2.12,1.04,3.22,1.62,2.52
Malta,2020-04-08,2.05,1.01,3.04,1.54,2.38
Malta,2020-04-09,1.8800000000000001,0.9,2.8000000000000003,1.43,2.21
Malta,2020-04-10,1.71,0.81,2.61,1.28,2.02
Malta,2020-04-11,1.58,0.71,2.45,1.21,1.92
Malta,2020-04-12,1.44,0.59,2.29,1.02,1.72
Malta,2020-04-13,1.25,0.35000000000000003,2.0300000000000002,0.84,1.53
Malta,2020-04-14,1.19,0.33,2.0,0.79,1.48
Malta,2020-04-15,1.1,0.2,1.86,0.73,1.42
Malta,2020-04-16,1.06,0.18,1.83,0.65,1.35
Malta,2020-04-17,0.97,0.07,1.69,0.52,1.23
Malta,2020-04-18,0.97,0.09,1.72,0.52,1.24
Malta,2020-04-19,0.97,0.05,1.7,0.52,1.25
Malta,2020-04-20,0.96,0.06,1.72,0.51,1.25
Malta,2020-04-21,0.96,0.05,1.72,0.49,1.24
Malta,2020-04-22,0.9,0.04,1.68,0.42,1.17
Netherlands,2020-03-03,3.0,0.91,6.75,1.85,4.23
Netherlands,2020-03-04,3.47,1.53,5.5,2.5300000000000002,4.2
Netherlands,2020-03-05,3.65,2.13,5.16,3.0,4.25
Netherlands,2020-03-06,3.31,2.06,4.44,2.73,3.71
Netherlands,2020-03-07,3.02,2.0100000000000002,3.98,2.54,3.35
Netherlands,2020-03-08,2.89,1.99,3.69,2.52,3.21
Netherlands,2020-03-09,2.72,1.96,3.45,2.36,2.97
Netherlands,2020-03-10,2.64,1.93,3.27,2.3000000000000003,2.85
Netherlands,2020-03-11,2.5,1.85,3.0700000000000003,2.19,2.69
Netherlands,2020-03-12,2.39,1.8,2.92,2.1,2.56
Netherlands,2020-03-13,2.36,1.82,2.86,2.14,2.56
Netherlands,2020-03-14,2.32,1.82,2.79,2.06,2.46
Netherlands,2020-03-15,2.3000000000000003,1.83,2.74,2.08,2.45
Netherlands,2020-03-16,2.29,1.82,2.68,2.07,2.42
Netherlands,2020-03-17,2.27,1.83,2.64,2.05,2.38
Netherlands,2020-03-18,2.2800000000000002,1.87,2.63,2.08,2.39
Netherlands,2020-03-19,2.2,1.84,2.5500000000000003,2.02,2.31
Netherlands,2020-03-20,2.09,1.73,2.41,1.9000000000000001,2.18
Netherlands,2020-03-21,2.04,1.69,2.34,1.8900000000000001,2.15
Netherlands,2020-03-22,1.95,1.62,2.24,1.8,2.05
Netherlands,2020-03-23,1.92,1.59,2.19,1.77,2.0100000000000002
Netherlands,2020-03-24,1.8900000000000001,1.6,2.17,1.76,1.99
Netherlands,2020-03-25,1.85,1.56,2.11,1.73,1.95
Netherlands,2020-03-26,1.77,1.48,2.0100000000000002,1.6600000000000001,1.87
Netherlands,2020-03-27,1.61,1.33,1.85,1.48,1.69
Netherlands,2020-03-28,1.47,1.19,1.7,1.37,1.57
Netherlands,2020-03-29,1.36,1.09,1.59,1.24,1.44
Netherlands,2020-03-30,1.21,0.9400000000000001,1.44,1.09,1.29
Netherlands,2020-03-31,1.11,0.8300000000000001,1.33,0.98,1.18
Netherlands,2020-04-01,1.0,0.73,1.23,0.88,1.08
Netherlands,2020-04-02,1.0,0.73,1.23,0.88,1.08
Netherlands,2020-04-03,0.98,0.72,1.22,0.87,1.07
Netherlands,2020-04-04,0.96,0.7000000000000001,1.2,0.84,1.04
Netherlands,2020-04-05,0.99,0.73,1.23,0.88,1.08
Netherlands,2020-04-06,1.04,0.78,1.28,0.93,1.1300000000000001
Netherlands,2020-04-07,1.08,0.81,1.31,0.96,1.16
Netherlands,2020-04-08,1.1300000000000001,0.85,1.35,1.0,1.2
Netherlands,2020-04-09,1.17,0.91,1.4000000000000001,1.04,1.24
Netherlands,2020-04-10,1.17,0.9,1.3900000000000001,1.04,1.24
Netherlands,2020-04-11,1.08,0.8300000000000001,1.31,0.9400000000000001,1.1400000000000001
Netherlands,2020-04-12,1.0,0.73,1.22,0.86,1.06
Netherlands,2020-04-13,0.97,0.7000000000000001,1.19,0.8300000000000001,1.03
Netherlands,2020-04-14,0.93,0.67,1.16,0.8,1.0
Netherlands,2020-04-15,0.88,0.62,1.11,0.75,0.9500000000000001
Netherlands,2020-04-16,0.88,0.6,1.1,0.75,0.9500000000000001
Netherlands,2020-04-17,0.86,0.59,1.09,0.74,0.9400000000000001
Netherlands,2020-04-18,0.87,0.61,1.11,0.75,0.9500000000000001
Netherlands,2020-04-19,0.92,0.64,1.1500000000000001,0.81,1.01
Netherlands,2020-04-20,0.93,0.65,1.16,0.8300000000000001,1.03
Netherlands,2020-04-21,0.93,0.65,1.16,0.78,0.99
Netherlands,2020-04-22,0.8300000000000001,0.56,1.07,0.6900000000000001,0.9
Norway,2020-03-03,3.0,0.91,6.75,1.85,4.23
Norway,2020-03-04,3.09,1.27,5.15,2.2600000000000002,3.89
Norway,2020-03-05,2.92,1.43,4.49,2.19,3.47
Norway,2020-03-06,2.5500000000000003,1.28,3.81,1.96,3.0100000000000002
Norway,2020-03-07,2.68,1.53,3.7800000000000002,2.13,3.06
Norway,2020-03-08,3.0700000000000003,2.06,4.03,2.59,3.4
Norway,2020-03-09,3.08,2.18,3.87,2.67,3.36
Norway,2020-03-10,2.73,1.94,3.42,2.4,3.0
Norway,2020-03-11,2.83,2.12,3.44,2.5,3.04
Norway,2020-03-12,2.69,2.07,3.25,2.41,2.89
Norway,2020-03-13,2.45,1.8800000000000001,2.96,2.19,2.63
Norway,2020-03-14,2.23,1.7,2.71,1.99,2.4
Norway,2020-03-15,2.0,1.51,2.47,1.78,2.17
Norway,2020-03-16,1.76,1.29,2.22,1.53,1.9100000000000001
Norway,2020-03-17,1.56,1.07,1.99,1.36,1.73
Norway,2020-03-18,1.47,1.0,1.9100000000000001,1.25,1.62
Norway,2020-03-19,1.48,1.02,1.92,1.25,1.62
Norway,2020-03-20,1.3900000000000001,0.92,1.81,1.18,1.54
Norway,2020-03-21,1.4000000000000001,0.9400000000000001,1.82,1.17,1.53
Norway,2020-03-22,1.53,1.06,1.93,1.33,1.68
Norway,2020-03-23,1.55,1.09,1.94,1.36,1.7
Norway,2020-03-24,1.6500000000000001,1.22,2.04,1.47,1.8
Norway,2020-03-25,1.62,1.22,2.0100000000000002,1.44,1.76
Norway,2020-03-26,1.55,1.16,1.93,1.3900000000000001,1.7
Norway,2020-03-27,1.4000000000000001,0.99,1.75,1.2,1.51
Norway,2020-03-28,1.27,0.89,1.6400000000000001,1.07,1.3800000000000001
Norway,2020-03-29,1.1300000000000001,0.75,1.5,0.92,1.23
Norway,2020-03-30,1.04,0.63,1.3900000000000001,0.84,1.1500000000000001
Norway,2020-03-31,0.93,0.51,1.28,0.74,1.05
Norway,2020-04-01,0.9500000000000001,0.55,1.32,0.78,1.09
Norway,2020-04-02,0.85,0.44,1.22,0.64,0.96
Norway,2020-04-03,0.84,0.42,1.21,0.65,0.97
Norway,2020-04-04,0.79,0.36,1.16,0.62,0.9400000000000001
Norway,2020-04-05,0.77,0.34,1.1500000000000001,0.5700000000000001,0.9
Norway,2020-04-06,0.6900000000000001,0.25,1.07,0.51,0.84
Norway,2020-04-07,0.58,0.14,0.96,0.37,0.71
Norway,2020-04-08,0.45,0.03,0.81,0.23,0.5700000000000001
Norway,2020-04-09,0.34,0.0,0.72,0.12,0.45
Norway,2020-04-10,0.25,0.0,0.67,0.09,0.39
Norway,2020-04-11,0.29,0.0,0.71,0.1,0.42
Norway,2020-04-12,0.35000000000000003,0.0,0.78,0.13,0.48
Norway,2020-04-13,0.42,0.0,0.84,0.21,0.58
Norway,2020-04-14,0.37,0.0,0.81,0.13,0.5
Norway,2020-04-15,0.51,0.03,0.9500000000000001,0.28,0.68
Norway,2020-04-16,0.63,0.09,1.08,0.38,0.8
Norway,2020-04-17,0.68,0.16,1.17,0.41000000000000003,0.84
Norway,2020-04-18,0.71,0.14,1.17,0.44,0.87
Norway,2020-04-19,0.75,0.18,1.22,0.49,0.92
Norway,2020-04-20,0.76,0.18,1.23,0.51,0.9400000000000001
Norway,2020-04-21,0.73,0.17,1.21,0.49,0.92
Norway,2020-04-22,0.68,0.13,1.16,0.39,0.8300000000000001
Poland,2020-03-11,3.0,0.91,6.75,1.85,4.23
Poland,2020-03-12,2.93,1.1400000000000001,5.0200000000000005,2.08,3.71
Poland,2020-03-13,3.06,1.51,4.72,2.33,3.67
Poland,2020-03-14,3.0500000000000003,1.69,4.37,2.41,3.52
Poland,2020-03-15,2.9,1.72,3.99,2.4,3.33
Poland,2020-03-16,2.77,1.74,3.71,2.29,3.1
Poland,2020-03-17,2.63,1.72,3.46,2.23,2.94
Poland,2020-03-18,2.54,1.76,3.3200000000000003,2.16,2.8000000000000003
Poland,2020-03-19,2.43,1.71,3.13,2.1,2.68
Poland,2020-03-20,2.32,1.6400000000000001,2.95,1.98,2.52
Poland,2020-03-21,2.2800000000000002,1.6500000000000001,2.87,1.97,2.47
Poland,2020-03-22,2.2,1.62,2.7600000000000002,1.9000000000000001,2.37
Poland,2020-03-23,2.12,1.55,2.63,1.86,2.3000000000000003
Poland,2020-03-24,2.05,1.5,2.5300000000000002,1.79,2.21
Poland,2020-03-25,2.0300000000000002,1.51,2.49,1.78,2.18
Poland,2020-03-26,1.96,1.46,2.4,1.74,2.12
Poland,2020-03-27,1.85,1.3800000000000001,2.2800000000000002,1.61,1.98
Poland,2020-03-28,1.8,1.35,2.22,1.62,1.97
Poland,2020-03-29,1.72,1.26,2.11,1.54,1.8800000000000001
Poland,2020-03-30,1.71,1.26,2.09,1.48,1.82
Poland,2020-03-31,1.74,1.31,2.11,1.52,1.85
Poland,2020-04-01,1.6600000000000001,1.24,2.02,1.44,1.76
Poland,2020-04-02,1.68,1.26,2.02,1.47,1.78
Poland,2020-04-03,1.6,1.19,1.93,1.41,1.71
Poland,2020-04-04,1.56,1.18,1.9000000000000001,1.3900000000000001,1.68
Poland,2020-04-05,1.49,1.1400000000000001,1.84,1.3,1.59
Poland,2020-04-06,1.4000000000000001,1.04,1.73,1.23,1.51
Poland,2020-04-07,1.32,0.9400000000000001,1.6300000000000001,1.1400000000000001,1.42
Poland,2020-04-08,1.21,0.86,1.54,1.03,1.31
Poland,2020-04-09,1.11,0.76,1.44,0.92,1.2
Poland,2020-04-10,1.06,0.72,1.4000000000000001,0.88,1.16
Poland,2020-04-11,0.93,0.56,1.25,0.75,1.03
Poland,2020-04-12,0.92,0.54,1.24,0.76,1.04
Poland,2020-04-13,0.87,0.5,1.2,0.72,1.0
Poland,2020-04-14,0.92,0.54,1.25,0.73,1.02
Poland,2020-04-15,0.96,0.58,1.29,0.77,1.06
Poland,2020-04-16,1.08,0.72,1.42,0.89,1.18
Poland,2020-04-17,1.11,0.73,1.43,0.9500000000000001,1.23
Poland,2020-04-18,1.11,0.75,1.44,0.9400000000000001,1.22
Poland,2020-04-19,1.1300000000000001,0.76,1.45,0.9500000000000001,1.23
Poland,2020-04-20,1.11,0.75,1.43,0.92,1.2
Poland,2020-04-21,1.03,0.68,1.36,0.85,1.1300000000000001
Poland,2020-04-22,0.98,0.63,1.31,0.8,1.08
Portugal,2020-03-10,3.0,0.91,6.75,1.85,4.23
Portugal,2020-03-11,3.09,1.27,5.15,2.2600000000000002,3.89
Portugal,2020-03-12,3.34,1.78,4.93,2.61,3.92
Portugal,2020-03-13,3.45,2.11,4.66,2.83,3.88
Portugal,2020-03-14,3.37,2.31,4.38,2.88,3.73
Portugal,2020-03-15,3.38,2.49,4.21,3.0100000000000002,3.71
Portugal,2020-03-16,3.21,2.44,3.9,2.84,3.44
Portugal,2020-03-17,3.06,2.38,3.65,2.73,3.25
Portugal,2020-03-18,2.92,2.32,3.44,2.62,3.08
Portugal,2020-03-19,2.7800000000000002,2.24,3.25,2.5300000000000002,2.94
Portugal,2020-03-20,2.7,2.21,3.13,2.49,2.86
Portugal,2020-03-21,2.48,2.0300000000000002,2.88,2.31,2.65
Portugal,2020-03-22,2.46,2.05,2.84,2.27,2.59
Portugal,2020-03-23,2.34,1.95,2.69,2.16,2.46
Portugal,2020-03-24,2.2600000000000002,1.8900000000000001,2.59,2.12,2.4
Portugal,2020-03-25,2.25,1.9000000000000001,2.56,2.07,2.34
Portugal,2020-03-26,2.13,1.79,2.42,2.0,2.25
Portugal,2020-03-27,1.9000000000000001,1.59,2.19,1.77,2.0100000000000002
Portugal,2020-03-28,1.84,1.54,2.12,1.67,1.9100000000000001
Portugal,2020-03-29,1.67,1.36,1.93,1.52,1.75
Portugal,2020-03-30,1.55,1.25,1.81,1.44,1.6600000000000001
Portugal,2020-03-31,1.4000000000000001,1.1,1.6500000000000001,1.26,1.48
Portugal,2020-04-01,1.26,0.98,1.52,1.12,1.34
Portugal,2020-04-02,1.1500000000000001,0.87,1.41,1.01,1.23
Portugal,2020-04-03,0.97,0.7000000000000001,1.24,0.8300000000000001,1.05
Portugal,2020-04-04,0.92,0.63,1.18,0.79,1.01
Portugal,2020-04-05,0.92,0.65,1.2,0.81,1.03
Portugal,2020-04-06,0.84,0.54,1.1,0.6900000000000001,0.92
Portugal,2020-04-07,1.08,0.78,1.34,0.92,1.1500000000000001
Portugal,2020-04-08,1.08,0.8,1.35,0.96,1.18
Portugal,2020-04-09,1.09,0.8,1.35,0.96,1.18
Portugal,2020-04-10,1.04,0.75,1.3,0.91,1.1300000000000001
Portugal,2020-04-11,0.9400000000000001,0.65,1.2,0.81,1.03
Portugal,2020-04-12,0.9,0.62,1.17,0.78,1.0
Portugal,2020-04-13,0.8,0.5,1.06,0.64,0.87
Portugal,2020-04-14,0.61,0.31,0.88,0.47000000000000003,0.7000000000000001
Portugal,2020-04-15,0.58,0.26,0.85,0.43,0.67
Portugal,2020-04-16,0.45,0.12,0.72,0.32,0.56
Portugal,2020-04-17,0.7000000000000001,0.37,0.99,0.55,0.8
Portugal,2020-04-18,0.8200000000000001,0.48,1.1,0.66,0.91
Portugal,2020-04-19,0.9500000000000001,0.61,1.23,0.79,1.04
Portugal,2020-04-20,0.98,0.66,1.27,0.8200000000000001,1.07
Portugal,2020-04-21,0.97,0.64,1.25,0.8,1.05
Portugal,2020-04-22,0.9400000000000001,0.61,1.22,0.77,1.02
Romania,2020-03-11,3.0,0.91,6.75,1.85,4.23
Romania,2020-03-12,3.09,1.27,5.15,2.2600000000000002,3.89
Romania,2020-03-13,2.92,1.43,4.49,2.19,3.47
Romania,2020-03-14,2.74,1.45,4.01,2.14,3.2
Romania,2020-03-15,2.57,1.42,3.64,2.09,3.0
Romania,2020-03-16,2.32,1.29,3.2600000000000002,1.84,2.65
Romania,2020-03-17,2.14,1.21,3.0100000000000002,1.7,2.44
Romania,2020-03-18,2.0100000000000002,1.12,2.8000000000000003,1.59,2.2800000000000002
Romania,2020-03-19,1.97,1.16,2.74,1.58,2.23
Romania,2020-03-20,2.08,1.28,2.7800000000000002,1.73,2.34
Romania,2020-03-21,2.24,1.51,2.91,1.9100000000000001,2.48
Romania,2020-03-22,2.32,1.6300000000000001,2.93,2.0,2.5300000000000002
Romania,2020-03-23,2.33,1.7,2.9,2.0300000000000002,2.52
Romania,2020-03-24,2.41,1.83,2.94,2.16,2.61
Romania,2020-03-25,2.33,1.79,2.82,2.08,2.5
Romania,2020-03-26,2.3000000000000003,1.82,2.7800000000000002,2.08,2.47
Romania,2020-03-27,2.13,1.6400000000000001,2.5500000000000003,1.9000000000000001,2.27
Romania,2020-03-28,2.02,1.56,2.43,1.83,2.18
Romania,2020-03-29,1.85,1.4000000000000001,2.24,1.6500000000000001,1.99
Romania,2020-03-30,1.72,1.27,2.09,1.52,1.85
Romania,2020-03-31,1.72,1.29,2.09,1.54,1.86
Romania,2020-04-01,1.72,1.32,2.09,1.55,1.86
Romania,2020-04-02,1.59,1.2,1.95,1.3800000000000001,1.69
Romania,2020-04-03,1.49,1.1,1.84,1.31,1.61
Romania,2020-04-04,1.3900000000000001,1.01,1.74,1.19,1.49
Romania,2020-04-05,1.34,0.97,1.69,1.18,1.47
Romania,2020-04-06,1.29,0.9,1.62,1.12,1.41
Romania,2020-04-07,1.22,0.85,1.56,1.03,1.32
Romania,2020-04-08,1.23,0.85,1.56,1.05,1.34
Romania,2020-04-09,1.16,0.8,1.5,0.96,1.25
Romania,2020-04-10,1.1400000000000001,0.77,1.47,0.9400000000000001,1.23
Romania,2020-04-11,1.12,0.75,1.45,0.97,1.25
Romania,2020-04-12,1.11,0.73,1.43,0.9500000000000001,1.23
Romania,2020-04-13,1.09,0.7000000000000001,1.4000000000000001,0.92,1.2
Romania,2020-04-14,1.05,0.7000000000000001,1.3900000000000001,0.88,1.16
Romania,2020-04-15,1.01,0.63,1.33,0.84,1.12
Romania,2020-04-16,1.03,0.65,1.35,0.87,1.1500000000000001
Romania,2020-04-17,0.92,0.54,1.24,0.76,1.04
Romania,2020-04-18,0.92,0.56,1.26,0.73,1.02
Romania,2020-04-19,0.91,0.52,1.23,0.72,1.01
Romania,2020-04-20,0.9,0.53,1.24,0.72,1.01
Romania,2020-04-21,0.86,0.47000000000000003,1.19,0.68,0.97
Romania,2020-04-22,0.75,0.38,1.1,0.59,0.88
Russia,2020-03-14,3.0,0.91,6.75,1.85,4.23
Russia,2020-03-15,3.09,1.27,5.15,2.2600000000000002,3.89
Russia,2020-03-16,2.92,1.43,4.49,2.19,3.47
Russia,2020-03-17,2.83,1.55,4.12,2.29,3.35
Russia,2020-03-18,2.75,1.59,3.81,2.25,3.16
Russia,2020-03-19,2.83,1.81,3.75,2.41,3.2
Russia,2020-03-20,2.56,1.6500000000000001,3.36,2.14,2.84
Russia,2020-03-21,2.39,1.56,3.11,2.0300000000000002,2.66
Russia,2020-03-22,2.36,1.61,3.0300000000000002,2.0100000000000002,2.59
Russia,2020-03-23,2.38,1.68,2.99,2.08,2.61
Russia,2020-03-24,2.37,1.72,2.93,2.09,2.58
Russia,2020-03-25,2.39,1.79,2.91,2.1,2.56
Russia,2020-03-26,2.4,1.84,2.88,2.15,2.57
Russia,2020-03-27,2.39,1.8900000000000001,2.85,2.16,2.5500000000000003
Russia,2020-03-28,2.43,1.98,2.87,2.23,2.59
Russia,2020-03-29,2.44,2.0,2.83,2.22,2.56
Russia,2020-03-30,2.49,2.09,2.86,2.32,2.63
Russia,2020-03-31,2.37,1.99,2.71,2.2,2.49
Russia,2020-04-01,2.23,1.86,2.54,2.09,2.36
Russia,2020-04-02,2.09,1.77,2.41,1.93,2.19
Russia,2020-04-03,2.0300000000000002,1.69,2.31,1.87,2.12
Russia,2020-04-04,1.99,1.68,2.27,1.84,2.08
Russia,2020-04-05,1.94,1.6300000000000001,2.2,1.79,2.02
Russia,2020-04-06,1.92,1.6400000000000001,2.18,1.78,2.0
Russia,2020-04-07,1.99,1.71,2.23,1.86,2.07
Russia,2020-04-08,1.94,1.68,2.17,1.8,2.0
Russia,2020-04-09,1.99,1.74,2.21,1.87,2.06
Russia,2020-04-10,2.02,1.8,2.24,1.9100000000000001,2.09
Russia,2020-04-11,2.0,1.78,2.2,1.8900000000000001,2.06
Russia,2020-04-12,1.99,1.77,2.17,1.8900000000000001,2.05
Russia,2020-04-13,1.93,1.73,2.11,1.85,2.0
Russia,2020-04-14,1.93,1.74,2.1,1.82,1.97
Russia,2020-04-15,1.92,1.72,2.07,1.82,1.96
Russia,2020-04-16,1.97,1.79,2.12,1.8800000000000001,2.0100000000000002
Russia,2020-04-17,1.8,1.6400000000000001,1.95,1.71,1.84
Russia,2020-04-18,1.74,1.58,1.8800000000000001,1.6600000000000001,1.78
Russia,2020-04-19,1.55,1.3900000000000001,1.68,1.46,1.58
Russia,2020-04-20,1.43,1.29,1.57,1.37,1.48
Russia,2020-04-21,1.32,1.17,1.45,1.25,1.36
Russia,2020-04-22,1.27,1.11,1.3900000000000001,1.2,1.31
Slovakia,2020-03-14,3.0,0.91,6.75,1.85,4.23
Slovakia,2020-03-15,2.46,0.9500000000000001,4.44,1.6600000000000001,3.13
Slovakia,2020-03-16,2.36,0.97,3.92,1.76,2.99
Slovakia,2020-03-17,2.17,0.9500000000000001,3.5100000000000002,1.56,2.63
Slovakia,2020-03-18,2.11,0.96,3.3000000000000003,1.57,2.54
Slovakia,2020-03-19,1.92,0.84,2.98,1.45,2.33
Slovakia,2020-03-20,1.79,0.76,2.77,1.29,2.12
Slovakia,2020-03-21,1.69,0.74,2.65,1.21,2.0
Slovakia,2020-03-22,1.56,0.63,2.47,1.1,1.86
Slovakia,2020-03-23,1.46,0.52,2.32,1.01,1.75
Slovakia,2020-03-24,1.55,0.62,2.4,1.11,1.84
Slovakia,2020-03-25,1.49,0.58,2.32,1.08,1.79
Slovakia,2020-03-26,1.51,0.63,2.34,1.1,1.8
Slovakia,2020-03-27,1.46,0.5700000000000001,2.25,1.11,1.79
Slovakia,2020-03-28,1.48,0.62,2.27,1.11,1.78
Slovakia,2020-03-29,1.5,0.64,2.2600000000000002,1.11,1.77
Slovakia,2020-03-30,1.47,0.63,2.22,1.07,1.72
Slovakia,2020-03-31,1.41,0.59,2.15,1.02,1.6600000000000001
Slovakia,2020-04-01,1.4000000000000001,0.58,2.12,1.01,1.6400000000000001
Slovakia,2020-04-02,1.26,0.46,1.98,0.9,1.52
Slovakia,2020-04-03,1.32,0.54,2.05,0.9400000000000001,1.56
Slovakia,2020-04-04,1.32,0.52,2.02,0.96,1.57
Slovakia,2020-04-05,1.48,0.73,2.2,1.1300000000000001,1.73
Slovakia,2020-04-06,1.47,0.71,2.15,1.1,1.69
Slovakia,2020-04-07,1.46,0.71,2.12,1.1400000000000001,1.71
Slovakia,2020-04-08,1.42,0.6900000000000001,2.07,1.1,1.6600000000000001
Slovakia,2020-04-09,1.31,0.6,1.96,1.02,1.57
Slovakia,2020-04-10,1.22,0.52,1.87,0.9,1.45
Slovakia,2020-04-11,1.19,0.48,1.83,0.86,1.41
Slovakia,2020-04-12,1.1,0.37,1.72,0.77,1.32
Slovakia,2020-04-13,1.18,0.48,1.83,0.86,1.41
Slovakia,2020-04-14,1.21,0.53,1.87,0.87,1.42
Slovakia,2020-04-15,1.34,0.64,1.97,1.03,1.57
Slovakia,2020-04-16,1.47,0.78,2.08,1.1500000000000001,1.68
Slovakia,2020-04-17,1.46,0.81,2.07,1.19,1.7
Slovakia,2020-04-18,1.3800000000000001,0.71,1.95,1.11,1.61
Slovakia,2020-04-19,1.3,0.65,1.87,0.98,1.48
Slovakia,2020-04-20,1.17,0.54,1.75,0.9,1.3900000000000001
Slovakia,2020-04-21,1.09,0.46,1.67,0.8200000000000001,1.31
Slovakia,2020-04-22,0.92,0.29,1.5,0.61,1.11
Slovenia,2020-03-09,3.0,0.91,6.75,1.85,4.23
Slovenia,2020-03-11,3.08,1.33,4.99,2.23,3.77
Slovenia,2020-03-12,2.9,1.51,4.3500000000000005,2.2600000000000002,3.44
Slovenia,2020-03-13,2.71,1.49,3.85,2.18,3.15
Slovenia,2020-03-14,2.42,1.37,3.4,1.99,2.82
Slovenia,2020-03-15,2.15,1.23,3.04,1.76,2.5
Slovenia,2020-03-16,1.92,1.09,2.7600000000000002,1.5,2.19
Slovenia,2020-03-17,1.7,0.89,2.47,1.31,1.96
Slovenia,2020-03-18,1.57,0.76,2.29,1.26,1.8800000000000001
Slovenia,2020-03-19,1.43,0.68,2.17,1.08,1.69
Slovenia,2020-03-20,1.3800000000000001,0.59,2.07,1.04,1.6400000000000001
Slovenia,2020-03-21,1.36,0.6,2.06,0.99,1.59
Slovenia,2020-03-22,1.3800000000000001,0.6,2.05,1.03,1.62
Slovenia,2020-03-23,1.41,0.65,2.08,1.08,1.6600000000000001
Slovenia,2020-03-24,1.43,0.71,2.11,1.11,1.68
Slovenia,2020-03-25,1.48,0.74,2.12,1.1500000000000001,1.71
Slovenia,2020-03-26,1.48,0.76,2.11,1.1500000000000001,1.7
Slovenia,2020-03-27,1.43,0.73,2.05,1.1,1.6400000000000001
Slovenia,2020-03-28,1.3900000000000001,0.7000000000000001,2.0,1.07,1.6
Slovenia,2020-03-29,1.33,0.66,1.94,1.03,1.55
Slovenia,2020-03-30,1.28,0.61,1.8800000000000001,0.96,1.48
Slovenia,2020-03-31,1.2,0.55,1.81,0.9400000000000001,1.45
Slovenia,2020-04-01,1.1500000000000001,0.5,1.76,0.88,1.3900000000000001
Slovenia,2020-04-02,1.09,0.45,1.71,0.76,1.28
Slovenia,2020-04-03,1.01,0.34,1.61,0.7000000000000001,1.22
Slovenia,2020-04-04,0.99,0.3,1.58,0.7000000000000001,1.22
Slovenia,2020-04-05,0.97,0.27,1.56,0.64,1.17
Slovenia,2020-04-06,0.92,0.23,1.52,0.62,1.1500000000000001
Slovenia,2020-04-07,0.91,0.19,1.49,0.58,1.12
Slovenia,2020-04-08,0.89,0.2,1.5,0.59,1.1300000000000001
Slovenia,2020-04-09,0.88,0.16,1.47,0.54,1.09
Slovenia,2020-04-10,0.84,0.13,1.43,0.53,1.08
Slovenia,2020-04-11,0.8,0.1,1.3900000000000001,0.45,1.01
Slovenia,2020-04-12,0.76,0.06,1.34,0.43,0.99
Slovenia,2020-04-13,0.6900000000000001,0.01,1.26,0.34,0.9
Slovenia,2020-04-14,0.68,0.02,1.27,0.3,0.87
Slovenia,2020-04-15,0.67,0.0,1.26,0.31,0.88
Slovenia,2020-04-16,0.65,0.0,1.26,0.34,0.91
Slovenia,2020-04-17,0.64,0.0,1.26,0.25,0.8300000000000001
Slovenia,2020-04-18,0.62,0.0,1.26,0.24,0.8200000000000001
Slovenia,2020-04-19,0.64,0.0,1.29,0.26,0.85
Slovenia,2020-04-20,0.62,0.0,1.28,0.24,0.8300000000000001
Slovenia,2020-04-21,0.49,0.0,1.22,0.17,0.73
Slovenia,2020-04-22,0.4,0.0,1.18,0.14,0.68
Spain,2020-02-28,3.0,0.91,6.75,1.85,4.23
Spain,2020-02-29,3.0100000000000002,1.29,5.05,2.22,3.8000000000000003
Spain,2020-03-01,2.97,1.46,4.47,2.3000000000000003,3.5500000000000003
Spain,2020-03-02,2.9,1.59,4.1,2.37,3.4
Spain,2020-03-03,3.0,1.87,4.01,2.47,3.35
Spain,2020-03-04,2.7600000000000002,1.78,3.62,2.34,3.09
Spain,2020-03-05,2.81,1.97,3.58,2.42,3.08
Spain,2020-03-06,3.5100000000000002,2.7800000000000002,4.16,3.19,3.75
Spain,2020-03-07,3.58,2.99,4.14,3.3000000000000003,3.77
Spain,2020-03-08,3.49,2.97,3.95,3.25,3.65
Spain,2020-03-09,3.47,3.0500000000000003,3.89,3.2800000000000002,3.62
Spain,2020-03-10,3.44,3.0700000000000003,3.8000000000000003,3.25,3.5500000000000003
Spain,2020-03-11,3.33,2.98,3.63,3.18,3.44
Spain,2020-03-12,3.22,2.92,3.49,3.08,3.31
Spain,2020-03-13,2.86,2.58,3.1,2.72,2.93
Spain,2020-03-14,2.6,2.35,2.83,2.46,2.66
Spain,2020-03-15,2.38,2.15,2.6,2.2800000000000002,2.46
Spain,2020-03-16,2.35,2.14,2.56,2.24,2.41
Spain,2020-03-17,2.15,1.94,2.34,2.05,2.21
Spain,2020-03-18,2.21,2.0,2.38,2.11,2.2600000000000002
Spain,2020-03-19,2.0100000000000002,1.81,2.17,1.93,2.07
Spain,2020-03-20,1.94,1.76,2.1,1.84,1.98
Spain,2020-03-21,2.0,1.83,2.15,1.9100000000000001,2.04
Spain,2020-03-22,2.11,1.95,2.25,2.0300000000000002,2.15
Spain,2020-03-23,2.09,1.95,2.23,2.0300000000000002,2.14
Spain,2020-03-24,1.96,1.81,2.08,1.8800000000000001,1.99
Spain,2020-03-25,1.84,1.71,1.96,1.77,1.87
Spain,2020-03-26,1.6500000000000001,1.53,1.77,1.58,1.68
Spain,2020-03-27,1.3900000000000001,1.26,1.5,1.31,1.41
Spain,2020-03-28,1.3900000000000001,1.25,1.49,1.34,1.43
Spain,2020-03-29,1.22,1.09,1.32,1.16,1.25
Spain,2020-03-30,1.09,0.96,1.19,1.03,1.12
Spain,2020-03-31,1.0,0.87,1.1,0.9400000000000001,1.03
Spain,2020-04-01,0.9500000000000001,0.8300000000000001,1.06,0.9,0.99
Spain,2020-04-02,0.92,0.8,1.03,0.86,0.9500000000000001
Spain,2020-04-03,0.77,0.64,0.88,0.72,0.81
Spain,2020-04-04,0.76,0.63,0.87,0.68,0.78
Spain,2020-04-05,0.73,0.61,0.85,0.65,0.75
Spain,2020-04-06,0.59,0.45,0.7000000000000001,0.52,0.62
Spain,2020-04-07,0.59,0.45,0.71,0.53,0.63
Spain,2020-04-08,0.61,0.48,0.74,0.53,0.64
Spain,2020-04-09,0.64,0.49,0.76,0.56,0.67
Spain,2020-04-10,0.62,0.46,0.74,0.55,0.66
Spain,2020-04-11,0.6,0.45,0.73,0.53,0.64
Spain,2020-04-12,0.75,0.58,0.87,0.6900000000000001,0.8
Spain,2020-04-13,0.75,0.59,0.88,0.66,0.78
Spain,2020-04-14,0.81,0.66,0.9500000000000001,0.72,0.84
Spain,2020-04-15,0.85,0.68,0.98,0.76,0.88
Spain,2020-04-16,0.99,0.85,1.1400000000000001,0.91,1.03
Spain,2020-04-17,1.02,0.87,1.16,0.9400000000000001,1.06
Spain,2020-04-18,1.02,0.87,1.16,0.9400000000000001,1.06
Spain,2020-04-19,1.04,0.88,1.17,0.9500000000000001,1.07
Spain,2020-04-20,1.03,0.87,1.16,0.9400000000000001,1.06
Spain,2020-04-21,0.87,0.72,1.01,0.79,0.91
Spain,2020-04-22,0.8300000000000001,0.66,0.96,0.75,0.87
Sweden,2020-03-03,3.0,0.91,6.75,1.85,4.23
Sweden,2020-03-04,3.09,1.27,5.15,2.2600000000000002,3.89
Sweden,2020-03-05,3.2,1.62,4.75,2.49,3.79
Sweden,2020-03-06,3.13,1.81,4.37,2.5,3.56
Sweden,2020-03-07,2.95,1.82,3.97,2.45,3.33
Sweden,2020-03-08,2.98,2.0,3.85,2.52,3.2800000000000002
Sweden,2020-03-09,2.93,2.1,3.7,2.59,3.24
Sweden,2020-03-10,2.84,2.09,3.5,2.54,3.11
Sweden,2020-03-11,2.71,2.04,3.3000000000000003,2.42,2.93
Sweden,2020-03-12,2.47,1.85,3.0,2.17,2.64
Sweden,2020-03-13,2.2600000000000002,1.69,2.7600000000000002,2.04,2.47
Sweden,2020-03-14,1.97,1.42,2.44,1.75,2.16
Sweden,2020-03-15,1.77,1.24,2.23,1.53,1.93
Sweden,2020-03-16,1.57,1.05,2.02,1.36,1.75
Sweden,2020-03-17,1.45,0.9400000000000001,1.9000000000000001,1.21,1.6
Sweden,2020-03-18,1.33,0.81,1.77,1.09,1.48
Sweden,2020-03-19,1.31,0.8200000000000001,1.77,1.06,1.45
Sweden,2020-03-20,1.29,0.79,1.74,1.04,1.43
Sweden,2020-03-21,1.3800000000000001,0.89,1.83,1.17,1.55
Sweden,2020-03-22,1.47,1.0,1.92,1.23,1.61
Sweden,2020-03-23,1.58,1.11,2.0100000000000002,1.34,1.71
Sweden,2020-03-24,1.58,1.1300000000000001,2.0,1.4000000000000001,1.75
Sweden,2020-03-25,1.68,1.25,2.09,1.49,1.83
Sweden,2020-03-26,1.6400000000000001,1.2,2.02,1.45,1.78
Sweden,2020-03-27,1.6600000000000001,1.25,2.04,1.47,1.79
Sweden,2020-03-28,1.6600000000000001,1.24,2.0100000000000002,1.47,1.78
Sweden,2020-03-29,1.69,1.31,2.05,1.51,1.81
Sweden,2020-03-30,1.6600000000000001,1.27,1.99,1.49,1.78
Sweden,2020-03-31,1.7,1.32,2.02,1.54,1.82
Sweden,2020-04-01,1.6,1.23,1.9100000000000001,1.41,1.69
Sweden,2020-04-02,1.53,1.18,1.84,1.35,1.62
Sweden,2020-04-03,1.3800000000000001,1.04,1.69,1.25,1.51
Sweden,2020-04-04,1.31,0.96,1.61,1.16,1.42
Sweden,2020-04-05,1.3,0.97,1.61,1.1400000000000001,1.4000000000000001
Sweden,2020-04-06,1.3,0.98,1.61,1.12,1.3800000000000001
Sweden,2020-04-07,1.26,0.92,1.55,1.12,1.37
Sweden,2020-04-08,1.23,0.91,1.53,1.08,1.33
Sweden,2020-04-09,1.1400000000000001,0.8,1.42,0.98,1.23
Sweden,2020-04-10,1.1300000000000001,0.79,1.41,0.97,1.22
Sweden,2020-04-11,1.07,0.73,1.35,0.91,1.16
Sweden,2020-04-12,0.99,0.65,1.27,0.8300000000000001,1.08
Sweden,2020-04-13,0.9500000000000001,0.62,1.24,0.8,1.05
Sweden,2020-04-14,0.93,0.61,1.23,0.79,1.04
Sweden,2020-04-15,0.98,0.64,1.27,0.84,1.09
Sweden,2020-04-16,1.09,0.77,1.3900000000000001,0.9400000000000001,1.19
Sweden,2020-04-17,1.11,0.78,1.4000000000000001,0.9500000000000001,1.2
Sweden,2020-04-18,1.1500000000000001,0.8300000000000001,1.44,0.99,1.24
Sweden,2020-04-19,1.1,0.77,1.3800000000000001,0.93,1.18
Sweden,2020-04-20,1.05,0.71,1.32,0.88,1.1300000000000001
Sweden,2020-04-21,1.0,0.67,1.28,0.8300000000000001,1.08
Sweden,2020-04-22,0.93,0.61,1.22,0.77,1.02
Switzerland,2020-03-03,3.0,0.91,6.75,1.85,4.23
Switzerland,2020-03-04,3.45,1.68,5.28,2.59,4.1
Switzerland,2020-03-05,3.3000000000000003,1.98,4.64,2.67,3.77
Switzerland,2020-03-06,3.0500000000000003,1.95,4.07,2.5500000000000003,3.42
Switzerland,2020-03-07,2.89,1.96,3.74,2.46,3.19
Switzerland,2020-03-08,2.7800000000000002,1.95,3.49,2.39,3.02
Switzerland,2020-03-09,2.74,2.04,3.39,2.43,2.98
Switzerland,2020-03-10,2.72,2.11,3.31,2.43,2.92
Switzerland,2020-03-11,2.64,2.05,3.14,2.39,2.83
Switzerland,2020-03-12,2.97,2.47,3.44,2.71,3.11
Switzerland,2020-03-13,2.62,2.16,3.04,2.4,2.7600000000000002
Switzerland,2020-03-14,2.52,2.11,2.92,2.32,2.65
Switzerland,2020-03-15,2.32,1.92,2.68,2.12,2.43
Switzerland,2020-03-16,2.29,1.9100000000000001,2.63,2.12,2.41
Switzerland,2020-03-17,2.27,1.9000000000000001,2.58,2.08,2.36
Switzerland,2020-03-18,2.32,1.98,2.62,2.15,2.41
Switzerland,2020-03-19,2.23,1.9100000000000001,2.5100000000000002,2.09,2.33
Switzerland,2020-03-20,2.15,1.85,2.42,2.0100000000000002,2.24
Switzerland,2020-03-21,1.8800000000000001,1.57,2.12,1.74,1.96
Switzerland,2020-03-22,1.82,1.53,2.06,1.7,1.9100000000000001
Switzerland,2020-03-23,1.6,1.34,1.85,1.46,1.67
Switzerland,2020-03-24,1.51,1.23,1.74,1.41,1.61
Switzerland,2020-03-25,1.31,1.04,1.54,1.19,1.3900000000000001
Switzerland,2020-03-26,1.23,0.9500000000000001,1.45,1.1,1.3
Switzerland,2020-03-27,1.16,0.89,1.3900000000000001,1.04,1.24
Switzerland,2020-03-28,1.11,0.86,1.35,0.98,1.18
Switzerland,2020-03-29,1.05,0.8,1.29,0.92,1.12
Switzerland,2020-03-30,1.05,0.8,1.29,0.92,1.12
Switzerland,2020-03-31,0.99,0.74,1.23,0.86,1.06
Switzerland,2020-04-01,0.9400000000000001,0.67,1.17,0.81,1.01
Switzerland,2020-04-02,0.84,0.5700000000000001,1.07,0.72,0.92
Switzerland,2020-04-03,0.79,0.51,1.02,0.6900000000000001,0.89
Switzerland,2020-04-04,0.72,0.47000000000000003,0.98,0.58,0.79
Switzerland,2020-04-05,0.63,0.37,0.89,0.5,0.71
Switzerland,2020-04-06,0.66,0.37,0.91,0.51,0.73
Switzerland,2020-04-07,0.62,0.34,0.88,0.48,0.7000000000000001
Switzerland,2020-04-08,0.56,0.25,0.81,0.4,0.63
Switzerland,2020-04-09,0.53,0.23,0.8,0.39,0.62
Switzerland,2020-04-10,0.5,0.19,0.77,0.34,0.58
Switzerland,2020-04-11,0.46,0.16,0.75,0.32,0.56
Switzerland,2020-04-12,0.54,0.23,0.84,0.38,0.63
Switzerland,2020-04-13,0.49,0.16,0.78,0.35000000000000003,0.6
Switzerland,2020-04-14,0.45,0.11,0.74,0.29,0.55
Switzerland,2020-04-15,0.38,0.04,0.66,0.22,0.48
Switzerland,2020-04-16,0.39,0.04,0.68,0.22,0.49
Switzerland,2020-04-17,0.41000000000000003,0.05,0.71,0.23,0.51
Switzerland,2020-04-18,0.45,0.09,0.77,0.25,0.54
Switzerland,2020-04-19,0.53,0.16,0.87,0.32,0.62
Switzerland,2020-04-20,0.56,0.17,0.9,0.37,0.67
Switzerland,2020-04-21,0.43,0.05,0.75,0.23,0.53
Switzerland,2020-04-22,0.45,0.07,0.79,0.24,0.55
