state,date,ML,Low_90,High_90,Low_50,High_50
AK,2020-03-26,2.2800000000000002,0.0,4.74,1.07,3.31
AK,2020-03-27,1.8900000000000001,0.04,3.65,1.01,2.68
AK,2020-03-28,1.56,0.02,3.0100000000000002,0.78,2.16
AK,2020-03-29,1.3800000000000001,0.01,2.67,0.6,1.83
AK,2020-03-30,1.1300000000000001,0.0,2.36,0.53,1.62
AK,2020-03-31,1.08,0.01,2.25,0.43,1.47
AK,2020-04-01,0.92,0.0,2.08,0.31,1.28
AK,2020-04-02,1.02,0.0,2.11,0.46,1.43
AK,2020-04-03,1.0,0.0,2.06,0.41000000000000003,1.36
AK,2020-04-04,1.08,0.03,2.11,0.51,1.46
AK,2020-04-05,1.05,0.0,2.04,0.49,1.42
AK,2020-04-06,1.02,0.0,2.0,0.52,1.43
AK,2020-04-07,1.0,0.0,1.97,0.46,1.36
AK,2020-04-08,0.98,0.0,1.94,0.44,1.33
AK,2020-04-09,0.87,0.0,1.86,0.34,1.2
AK,2020-04-10,0.85,0.0,1.85,0.31,1.17
AK,2020-04-11,0.75,0.0,1.79,0.25,1.08
AK,2020-04-12,0.65,0.0,1.73,0.21,1.01
AK,2020-04-13,0.5700000000000001,0.0,1.69,0.19,0.96
AK,2020-04-14,0.52,0.0,1.6500000000000001,0.13,0.88
AK,2020-04-15,0.53,0.0,1.68,0.15,0.91
AK,2020-04-16,0.49,0.0,1.6400000000000001,0.11,0.85
AK,2020-04-17,0.51,0.0,1.67,0.14,0.89
AK,2020-04-18,0.47000000000000003,0.0,1.6300000000000001,0.1,0.8300000000000001
AK,2020-04-19,0.49,0.0,1.67,0.15,0.89
AK,2020-04-20,0.46,0.0,1.6300000000000001,0.11,0.8300000000000001
AK,2020-04-21,0.47000000000000003,0.0,1.67,0.1,0.84
AK,2020-04-22,0.49,0.0,1.7,0.15,0.9
AK,2020-04-23,0.5,0.0,1.73,0.12,0.89
AL,2020-03-22,2.5100000000000002,0.42,4.24,1.58,3.22
AL,2020-03-23,3.5100000000000002,2.12,4.73,2.92,3.99
AL,2020-03-24,3.45,2.42,4.37,3.0,3.8000000000000003
AL,2020-03-25,3.16,2.29,3.89,2.75,3.41
AL,2020-03-26,2.8000000000000003,2.07,3.46,2.48,3.0500000000000003
AL,2020-03-27,2.23,1.55,2.83,1.9000000000000001,2.43
AL,2020-03-28,1.77,1.1,2.34,1.46,1.97
AL,2020-03-29,1.42,0.77,2.0,1.1,1.61
AL,2020-03-30,1.19,0.53,1.77,0.89,1.4000000000000001
AL,2020-03-31,1.3800000000000001,0.73,1.97,1.08,1.59
AL,2020-04-01,1.53,0.87,2.09,1.24,1.74
AL,2020-04-02,1.7,1.06,2.24,1.3800000000000001,1.87
AL,2020-04-03,1.76,1.16,2.29,1.46,1.93
AL,2020-04-04,1.59,1.02,2.11,1.32,1.77
AL,2020-04-05,1.53,0.9500000000000001,2.02,1.27,1.71
AL,2020-04-06,1.6,1.05,2.09,1.34,1.77
AL,2020-04-07,1.58,1.06,2.07,1.32,1.74
AL,2020-04-08,1.61,1.07,2.06,1.35,1.76
AL,2020-04-09,1.56,1.05,2.0100000000000002,1.3,1.7
AL,2020-04-10,1.4000000000000001,0.9,1.84,1.1500000000000001,1.54
AL,2020-04-11,1.1400000000000001,0.63,1.57,0.89,1.28
AL,2020-04-12,0.93,0.42,1.37,0.7000000000000001,1.09
AL,2020-04-13,0.74,0.22,1.18,0.49,0.89
AL,2020-04-14,0.75,0.23,1.21,0.49,0.9
AL,2020-04-15,0.67,0.14,1.12,0.44,0.85
AL,2020-04-16,0.61,0.1,1.07,0.34,0.76
AL,2020-04-17,0.65,0.11,1.11,0.37,0.8
AL,2020-04-18,0.73,0.16,1.2,0.45,0.89
AL,2020-04-19,0.8300000000000001,0.26,1.32,0.5700000000000001,1.01
AL,2020-04-20,1.1,0.53,1.59,0.8200000000000001,1.26
AL,2020-04-21,1.29,0.75,1.78,1.01,1.44
AL,2020-04-22,1.44,0.9,1.9000000000000001,1.2,1.61
AL,2020-04-23,1.46,0.9400000000000001,1.9100000000000001,1.22,1.62
AR,2020-03-21,2.0,0.12,3.64,1.07,2.66
AR,2020-03-22,1.93,0.41000000000000003,3.19,1.23,2.41
AR,2020-03-23,1.87,0.6,2.94,1.29,2.2600000000000002
AR,2020-03-24,1.75,0.68,2.73,1.24,2.09
AR,2020-03-25,1.68,0.7000000000000001,2.57,1.23,2.0
AR,2020-03-26,1.45,0.52,2.2800000000000002,1.01,1.74
AR,2020-03-27,1.3,0.38,2.08,0.92,1.62
AR,2020-03-28,1.12,0.22,1.86,0.72,1.41
AR,2020-03-29,1.09,0.22,1.84,0.67,1.36
AR,2020-03-30,1.18,0.3,1.94,0.76,1.45
AR,2020-03-31,1.35,0.49,2.13,0.9400000000000001,1.62
AR,2020-04-01,1.4000000000000001,0.52,2.13,1.01,1.67
AR,2020-04-02,1.46,0.64,2.2,1.1,1.74
AR,2020-04-03,1.37,0.54,2.07,0.99,1.62
AR,2020-04-04,1.33,0.54,2.04,0.96,1.58
AR,2020-04-05,1.25,0.47000000000000003,1.95,0.9,1.51
AR,2020-04-06,1.33,0.55,2.02,0.9400000000000001,1.55
AR,2020-04-07,1.32,0.54,1.99,0.9500000000000001,1.55
AR,2020-04-08,1.31,0.55,1.98,0.9500000000000001,1.54
AR,2020-04-09,1.18,0.43,1.84,0.85,1.43
AR,2020-04-10,1.23,0.47000000000000003,1.8800000000000001,0.89,1.47
AR,2020-04-11,1.17,0.41000000000000003,1.81,0.8,1.3800000000000001
AR,2020-04-12,1.25,0.5,1.8900000000000001,0.92,1.49
AR,2020-04-13,1.18,0.46,1.83,0.8200000000000001,1.3900000000000001
AR,2020-04-14,1.17,0.43,1.8,0.86,1.42
AR,2020-04-15,1.03,0.31,1.6600000000000001,0.7000000000000001,1.26
AR,2020-04-16,0.84,0.13,1.44,0.51,1.07
AR,2020-04-17,0.79,0.1,1.4000000000000001,0.43,1.0
AR,2020-04-18,1.34,0.5700000000000001,1.98,0.98,1.56
AR,2020-04-19,1.62,0.91,2.25,1.3,1.85
AR,2020-04-20,1.97,1.32,2.58,1.6600000000000001,2.18
AR,2020-04-21,1.97,1.33,2.52,1.67,2.16
AR,2020-04-22,1.81,1.21,2.34,1.51,1.98
AR,2020-04-23,1.6,1.01,2.11,1.35,1.8
AZ,2020-03-21,3.99,2.16,5.57,3.19,4.59
AZ,2020-03-22,3.45,2.24,4.49,2.95,3.87
AZ,2020-03-23,3.09,2.14,3.9,2.68,3.4
AZ,2020-03-24,2.79,2.0,3.49,2.46,3.0700000000000003
AZ,2020-03-25,2.47,1.75,3.09,2.14,2.69
AZ,2020-03-26,2.09,1.43,2.68,1.76,2.2800000000000002
AZ,2020-03-27,1.8900000000000001,1.23,2.44,1.57,2.07
AZ,2020-03-28,1.69,1.09,2.2600000000000002,1.43,1.9100000000000001
AZ,2020-03-29,1.54,0.91,2.07,1.23,1.71
AZ,2020-03-30,1.47,0.87,2.0100000000000002,1.19,1.6600000000000001
AZ,2020-03-31,1.3900000000000001,0.78,1.9100000000000001,1.08,1.55
AZ,2020-04-01,1.46,0.87,1.98,1.17,1.6300000000000001
AZ,2020-04-02,1.58,1.02,2.1,1.29,1.74
AZ,2020-04-03,1.5,0.96,2.0100000000000002,1.21,1.6500000000000001
AZ,2020-04-04,1.43,0.89,1.92,1.1500000000000001,1.58
AZ,2020-04-05,1.24,0.71,1.73,1.0,1.42
AZ,2020-04-06,1.1,0.54,1.57,0.87,1.29
AZ,2020-04-07,0.91,0.37,1.4000000000000001,0.63,1.06
AZ,2020-04-08,0.9400000000000001,0.38,1.43,0.7000000000000001,1.1300000000000001
AZ,2020-04-09,0.98,0.43,1.48,0.6900000000000001,1.1300000000000001
AZ,2020-04-10,1.01,0.47000000000000003,1.52,0.72,1.16
AZ,2020-04-11,0.9500000000000001,0.4,1.45,0.66,1.1
AZ,2020-04-12,0.8200000000000001,0.27,1.32,0.54,0.98
AZ,2020-04-13,0.76,0.18,1.24,0.52,0.96
AZ,2020-04-14,1.01,0.42,1.51,0.73,1.18
AZ,2020-04-15,1.17,0.6,1.67,0.91,1.35
AZ,2020-04-16,1.3900000000000001,0.84,1.8800000000000001,1.12,1.55
AZ,2020-04-17,1.34,0.8200000000000001,1.83,1.07,1.49
AZ,2020-04-18,1.18,0.66,1.6600000000000001,0.96,1.37
AZ,2020-04-19,0.99,0.44,1.45,0.71,1.1300000000000001
AZ,2020-04-20,0.92,0.37,1.3900000000000001,0.67,1.09
AZ,2020-04-21,0.98,0.42,1.45,0.74,1.16
AZ,2020-04-22,1.16,0.61,1.6300000000000001,0.91,1.33
AZ,2020-04-23,1.29,0.75,1.75,1.05,1.46
CA,2020-03-12,1.52,0.0,3.19,0.6,2.1
CA,2020-03-13,1.62,0.17,2.85,0.89,2.08
CA,2020-03-14,2.24,0.99,3.36,1.6400000000000001,2.62
CA,2020-03-15,2.64,1.6300000000000001,3.5700000000000003,2.16,2.96
CA,2020-03-16,3.22,2.38,3.99,2.86,3.52
CA,2020-03-17,3.23,2.49,3.86,2.91,3.47
CA,2020-03-18,2.98,2.34,3.54,2.72,3.21
CA,2020-03-19,2.65,2.08,3.17,2.38,2.83
CA,2020-03-20,2.23,1.68,2.71,1.95,2.38
CA,2020-03-21,1.95,1.41,2.41,1.71,2.12
CA,2020-03-22,1.76,1.25,2.22,1.52,1.92
CA,2020-03-23,1.8800000000000001,1.3900000000000001,2.33,1.6400000000000001,2.0300000000000002
CA,2020-03-24,2.35,1.86,2.75,2.1,2.47
CA,2020-03-25,2.5500000000000003,2.11,2.92,2.32,2.66
CA,2020-03-26,2.67,2.27,3.0100000000000002,2.46,2.77
CA,2020-03-27,2.42,2.05,2.73,2.25,2.5300000000000002
CA,2020-03-28,2.09,1.73,2.38,1.9100000000000001,2.18
CA,2020-03-29,1.68,1.33,1.96,1.51,1.77
CA,2020-03-30,1.36,1.02,1.6400000000000001,1.18,1.44
CA,2020-03-31,1.36,1.04,1.6500000000000001,1.22,1.47
CA,2020-04-01,1.48,1.1500000000000001,1.75,1.31,1.56
CA,2020-04-02,1.59,1.28,1.86,1.44,1.68
CA,2020-04-03,1.55,1.24,1.8,1.41,1.6400000000000001
CA,2020-04-04,1.43,1.1300000000000001,1.68,1.27,1.5
CA,2020-04-05,1.22,0.9400000000000001,1.48,1.06,1.29
CA,2020-04-06,1.05,0.76,1.3,0.89,1.12
CA,2020-04-07,0.92,0.61,1.16,0.76,0.99
CA,2020-04-08,0.61,0.3,0.86,0.47000000000000003,0.7000000000000001
CA,2020-04-09,0.85,0.54,1.11,0.68,0.92
CA,2020-04-10,0.76,0.46,1.03,0.59,0.8300000000000001
CA,2020-04-11,0.74,0.43,1.01,0.59,0.8300000000000001
CA,2020-04-12,0.91,0.58,1.17,0.77,1.01
CA,2020-04-13,1.1400000000000001,0.8200000000000001,1.4000000000000001,0.98,1.22
CA,2020-04-14,1.29,0.97,1.54,1.12,1.36
CA,2020-04-15,1.55,1.25,1.8,1.4000000000000001,1.6300000000000001
CA,2020-04-16,1.26,0.96,1.5,1.1300000000000001,1.35
CA,2020-04-17,1.22,0.9500000000000001,1.48,1.09,1.31
CA,2020-04-18,1.22,0.93,1.46,1.08,1.3
CA,2020-04-19,1.29,1.01,1.53,1.1300000000000001,1.35
CA,2020-04-20,1.4000000000000001,1.12,1.6300000000000001,1.27,1.48
CA,2020-04-21,1.57,1.3,1.79,1.46,1.6600000000000001
CA,2020-04-22,1.56,1.32,1.79,1.42,1.62
CA,2020-04-23,1.47,1.22,1.68,1.35,1.54
CO,2020-03-18,2.94,0.8300000000000001,4.73,2.0,3.63
CO,2020-03-19,3.17,1.74,4.37,2.5300000000000002,3.61
CO,2020-03-20,3.23,2.19,4.18,2.75,3.5700000000000003
CO,2020-03-21,3.02,2.16,3.8000000000000003,2.6,3.2800000000000002
CO,2020-03-22,2.85,2.08,3.5100000000000002,2.48,3.0700000000000003
CO,2020-03-23,2.63,1.97,3.25,2.31,2.84
CO,2020-03-24,2.58,1.95,3.13,2.27,2.7600000000000002
CO,2020-03-25,2.52,1.95,3.04,2.25,2.7
CO,2020-03-26,2.43,1.8800000000000001,2.9,2.17,2.59
CO,2020-03-27,2.45,1.95,2.9,2.23,2.62
CO,2020-03-28,2.0,1.53,2.43,1.79,2.16
CO,2020-03-29,1.67,1.21,2.09,1.48,1.84
CO,2020-03-30,1.37,0.88,1.76,1.1500000000000001,1.51
CO,2020-03-31,1.1300000000000001,0.66,1.54,0.93,1.29
CO,2020-04-01,1.18,0.72,1.6,0.99,1.35
CO,2020-04-02,1.31,0.85,1.72,1.08,1.44
CO,2020-04-03,1.33,0.86,1.72,1.1300000000000001,1.48
CO,2020-04-04,1.36,0.91,1.75,1.1300000000000001,1.48
CO,2020-04-05,1.03,0.56,1.4000000000000001,0.79,1.1400000000000001
CO,2020-04-06,0.71,0.25,1.1,0.5,0.85
CO,2020-04-07,0.92,0.46,1.33,0.7000000000000001,1.06
CO,2020-04-08,0.84,0.38,1.25,0.62,0.98
CO,2020-04-09,1.04,0.59,1.46,0.8200000000000001,1.18
CO,2020-04-10,1.4000000000000001,0.9500000000000001,1.8,1.19,1.54
CO,2020-04-11,1.24,0.8,1.6300000000000001,1.05,1.3900000000000001
CO,2020-04-12,1.05,0.6,1.43,0.85,1.19
CO,2020-04-13,0.86,0.41000000000000003,1.25,0.63,0.98
CO,2020-04-14,0.54,0.08,0.91,0.32,0.67
CO,2020-04-15,0.81,0.32,1.21,0.56,0.93
CO,2020-04-16,0.91,0.42,1.31,0.66,1.03
CO,2020-04-17,0.92,0.46,1.34,0.67,1.04
CO,2020-04-18,1.27,0.8,1.67,1.04,1.4000000000000001
CO,2020-04-19,1.16,0.72,1.57,0.96,1.31
CO,2020-04-20,1.09,0.64,1.49,0.88,1.23
CO,2020-04-21,1.05,0.59,1.44,0.8300000000000001,1.18
CO,2020-04-22,1.09,0.63,1.48,0.87,1.22
CO,2020-04-23,1.11,0.67,1.51,0.88,1.23
CT,2020-03-19,2.36,0.39,4.0200000000000005,1.54,3.1
CT,2020-03-20,2.97,1.59,4.17,2.35,3.41
CT,2020-03-21,3.24,2.24,4.18,2.77,3.5700000000000003
CT,2020-03-22,3.46,2.62,4.18,3.09,3.73
CT,2020-03-23,3.2600000000000002,2.57,3.88,2.94,3.48
CT,2020-03-24,2.97,2.34,3.5,2.67,3.15
CT,2020-03-25,2.34,1.79,2.86,2.09,2.5300000000000002
CT,2020-03-26,2.32,1.78,2.8000000000000003,2.07,2.49
CT,2020-03-27,2.32,1.82,2.7800000000000002,2.06,2.46
CT,2020-03-28,2.48,2.0,2.9,2.2600000000000002,2.63
CT,2020-03-29,2.42,1.99,2.82,2.24,2.58
CT,2020-03-30,2.07,1.6400000000000001,2.43,1.85,2.18
CT,2020-03-31,1.92,1.51,2.27,1.75,2.06
CT,2020-04-01,1.6,1.2,1.94,1.3900000000000001,1.7
CT,2020-04-02,1.22,0.81,1.55,1.05,1.35
CT,2020-04-03,1.47,1.07,1.8,1.28,1.58
CT,2020-04-04,1.6,1.24,1.94,1.42,1.71
CT,2020-04-05,1.34,0.97,1.6600000000000001,1.1400000000000001,1.43
CT,2020-04-06,1.78,1.41,2.08,1.59,1.87
CT,2020-04-07,1.53,1.19,1.83,1.34,1.61
CT,2020-04-08,1.6500000000000001,1.32,1.94,1.48,1.74
CT,2020-04-09,1.41,1.07,1.68,1.25,1.5
CT,2020-04-10,1.2,0.89,1.49,1.04,1.29
CT,2020-04-11,0.98,0.64,1.25,0.8300000000000001,1.08
CT,2020-04-12,0.9500000000000001,0.63,1.24,0.81,1.06
CT,2020-04-13,0.68,0.35000000000000003,0.97,0.51,0.77
CT,2020-04-14,0.97,0.62,1.25,0.8,1.06
CT,2020-04-15,0.72,0.38,1.01,0.56,0.8200000000000001
CT,2020-04-16,0.6900000000000001,0.33,0.98,0.51,0.78
CT,2020-04-17,0.99,0.64,1.29,0.8200000000000001,1.09
CT,2020-04-18,1.22,0.86,1.5,1.07,1.33
CT,2020-04-19,1.86,1.52,2.13,1.7,1.95
CT,2020-04-20,1.76,1.46,2.0300000000000002,1.59,1.83
CT,2020-04-21,1.6300000000000001,1.35,1.9000000000000001,1.48,1.71
CT,2020-04-22,1.47,1.18,1.72,1.35,1.57
CT,2020-04-23,1.05,0.76,1.3,0.93,1.1500000000000001
DC,2020-03-25,2.11,0.22,3.7,1.29,2.82
DC,2020-03-26,1.93,0.49,3.15,1.26,2.38
DC,2020-03-27,1.77,0.56,2.79,1.26,2.18
DC,2020-03-28,1.78,0.71,2.68,1.3,2.11
DC,2020-03-29,1.84,0.88,2.66,1.41,2.14
DC,2020-03-30,1.92,1.06,2.69,1.53,2.2
DC,2020-03-31,1.99,1.17,2.69,1.59,2.22
DC,2020-04-01,2.0100000000000002,1.28,2.7,1.6400000000000001,2.23
DC,2020-04-02,1.9100000000000001,1.19,2.54,1.56,2.12
DC,2020-04-03,1.78,1.08,2.38,1.43,1.97
DC,2020-04-04,1.6300000000000001,0.98,2.24,1.32,1.84
DC,2020-04-05,1.6500000000000001,1.01,2.24,1.34,1.85
DC,2020-04-06,1.57,0.9500000000000001,2.15,1.25,1.75
DC,2020-04-07,1.48,0.86,2.04,1.18,1.67
DC,2020-04-08,1.37,0.74,1.9100000000000001,1.09,1.57
DC,2020-04-09,1.23,0.61,1.77,0.93,1.41
DC,2020-04-10,1.01,0.4,1.56,0.72,1.2
DC,2020-04-11,0.84,0.23,1.3900000000000001,0.53,1.02
DC,2020-04-12,0.7000000000000001,0.09,1.23,0.41000000000000003,0.9
DC,2020-04-13,0.84,0.19,1.4000000000000001,0.54,1.05
DC,2020-04-14,0.99,0.31,1.55,0.7000000000000001,1.21
DC,2020-04-15,1.23,0.6,1.82,0.96,1.46
DC,2020-04-16,1.35,0.72,1.9100000000000001,1.06,1.55
DC,2020-04-17,1.35,0.73,1.8900000000000001,1.05,1.53
DC,2020-04-18,1.31,0.6900000000000001,1.83,1.02,1.49
DC,2020-04-19,1.1500000000000001,0.54,1.67,0.84,1.31
DC,2020-04-20,1.08,0.47000000000000003,1.6,0.77,1.24
DC,2020-04-21,1.02,0.42,1.55,0.72,1.19
DC,2020-04-22,0.96,0.34,1.48,0.68,1.1500000000000001
DC,2020-04-23,0.99,0.36,1.51,0.72,1.19
DE,2020-03-27,1.76,0.05,3.41,0.91,2.46
DE,2020-03-28,1.72,0.23,2.95,1.07,2.25
DE,2020-03-29,1.76,0.51,2.87,1.17,2.16
DE,2020-03-30,1.6300000000000001,0.53,2.62,1.12,1.99
DE,2020-03-31,1.6,0.59,2.5100000000000002,1.17,1.96
DE,2020-04-01,1.78,0.85,2.63,1.37,2.1
DE,2020-04-02,1.93,1.06,2.71,1.52,2.2
DE,2020-04-03,1.85,1.03,2.58,1.46,2.1
DE,2020-04-04,2.09,1.31,2.77,1.74,2.34
DE,2020-04-05,1.87,1.1300000000000001,2.5100000000000002,1.52,2.09
DE,2020-04-06,2.04,1.36,2.67,1.73,2.27
DE,2020-04-07,2.0,1.33,2.58,1.72,2.23
DE,2020-04-08,1.8900000000000001,1.28,2.47,1.61,2.1
DE,2020-04-09,1.61,0.99,2.15,1.31,1.79
DE,2020-04-10,1.4000000000000001,0.78,1.93,1.1400000000000001,1.61
DE,2020-04-11,1.0,0.4,1.55,0.6900000000000001,1.17
DE,2020-04-12,1.1300000000000001,0.49,1.67,0.81,1.3
DE,2020-04-13,0.99,0.35000000000000003,1.53,0.68,1.17
DE,2020-04-14,1.34,0.73,1.9000000000000001,1.07,1.55
DE,2020-04-15,1.25,0.63,1.78,0.99,1.46
DE,2020-04-16,1.3,0.7000000000000001,1.83,1.0,1.47
DE,2020-04-17,1.17,0.58,1.7,0.9,1.36
DE,2020-04-18,1.16,0.55,1.67,0.88,1.34
DE,2020-04-19,1.29,0.6900000000000001,1.8,0.99,1.45
DE,2020-04-20,1.41,0.84,1.92,1.12,1.57
DE,2020-04-21,1.32,0.76,1.82,1.04,1.48
DE,2020-04-22,1.34,0.8,1.84,1.08,1.51
DE,2020-04-23,1.08,0.52,1.56,0.81,1.24
FL,2020-03-16,3.0100000000000002,1.22,4.54,2.2,3.5700000000000003
FL,2020-03-17,3.08,1.9100000000000001,4.11,2.52,3.43
FL,2020-03-18,2.9,2.0,3.72,2.48,3.19
FL,2020-03-19,2.74,1.96,3.42,2.39,2.99
FL,2020-03-20,2.8000000000000003,2.14,3.42,2.48,3.0100000000000002
FL,2020-03-21,2.68,2.06,3.22,2.38,2.86
FL,2020-03-22,2.5,1.92,2.99,2.23,2.67
FL,2020-03-23,2.66,2.12,3.11,2.4,2.81
FL,2020-03-24,2.5100000000000002,2.02,2.93,2.2600000000000002,2.64
FL,2020-03-25,2.68,2.23,3.0700000000000003,2.45,2.8000000000000003
FL,2020-03-26,2.45,2.02,2.8000000000000003,2.25,2.57
FL,2020-03-27,2.45,2.07,2.79,2.2600000000000002,2.56
FL,2020-03-28,2.25,1.8800000000000001,2.56,2.07,2.35
FL,2020-03-29,1.8800000000000001,1.53,2.18,1.7,1.97
FL,2020-03-30,1.6,1.27,1.9000000000000001,1.44,1.7
FL,2020-03-31,1.6400000000000001,1.3,1.92,1.47,1.73
FL,2020-04-01,1.6400000000000001,1.3,1.9000000000000001,1.47,1.72
FL,2020-04-02,1.7,1.37,1.95,1.54,1.78
FL,2020-04-03,1.53,1.22,1.78,1.3800000000000001,1.61
FL,2020-04-04,1.44,1.1400000000000001,1.69,1.28,1.51
FL,2020-04-05,1.1,0.8200000000000001,1.36,0.9400000000000001,1.17
FL,2020-04-06,0.77,0.48,1.03,0.62,0.85
FL,2020-04-07,0.6,0.29,0.86,0.43,0.67
FL,2020-04-08,0.58,0.25,0.84,0.44,0.68
FL,2020-04-09,0.6900000000000001,0.36,0.96,0.52,0.77
FL,2020-04-10,0.86,0.53,1.1300000000000001,0.6900000000000001,0.9400000000000001
FL,2020-04-11,0.85,0.53,1.1300000000000001,0.6900000000000001,0.9400000000000001
FL,2020-04-12,1.06,0.73,1.33,0.89,1.1400000000000001
FL,2020-04-13,0.8300000000000001,0.51,1.11,0.67,0.92
FL,2020-04-14,0.81,0.48,1.09,0.66,0.91
FL,2020-04-15,0.9,0.58,1.19,0.77,1.02
FL,2020-04-16,0.93,0.61,1.22,0.79,1.04
FL,2020-04-17,0.87,0.53,1.1500000000000001,0.6900000000000001,0.9500000000000001
FL,2020-04-18,0.92,0.59,1.21,0.75,1.01
FL,2020-04-19,0.77,0.42,1.05,0.6,0.86
FL,2020-04-20,0.72,0.38,1.02,0.59,0.85
FL,2020-04-21,0.56,0.21,0.86,0.39,0.66
FL,2020-04-22,0.58,0.21,0.88,0.39,0.67
FL,2020-04-23,0.71,0.35000000000000003,1.03,0.55,0.8300000000000001
GA,2020-03-16,2.94,0.8300000000000001,4.73,2.0,3.63
GA,2020-03-17,3.17,1.74,4.37,2.5300000000000002,3.61
GA,2020-03-18,3.13,2.05,4.0600000000000005,2.62,3.45
GA,2020-03-19,2.87,1.98,3.65,2.45,3.14
GA,2020-03-20,2.72,1.94,3.4,2.37,2.97
GA,2020-03-21,2.64,1.97,3.2800000000000002,2.33,2.87
GA,2020-03-22,2.5,1.85,3.06,2.19,2.69
GA,2020-03-23,2.45,1.87,2.99,2.19,2.65
GA,2020-03-24,2.52,1.99,3.0300000000000002,2.27,2.7
GA,2020-03-25,2.46,1.94,2.91,2.22,2.62
GA,2020-03-26,2.23,1.75,2.66,1.98,2.36
GA,2020-03-27,1.79,1.32,2.2,1.59,1.95
GA,2020-03-28,1.94,1.5,2.35,1.74,2.09
GA,2020-03-29,2.04,1.61,2.42,1.81,2.15
GA,2020-03-30,2.16,1.76,2.52,1.94,2.2600000000000002
GA,2020-03-31,2.0,1.62,2.34,1.8,2.1
GA,2020-04-01,1.62,1.25,1.95,1.44,1.73
GA,2020-04-02,1.18,0.8,1.5,0.99,1.28
GA,2020-04-03,0.87,0.5,1.21,0.66,0.96
GA,2020-04-04,0.99,0.61,1.33,0.79,1.09
GA,2020-04-05,1.58,1.21,1.9100000000000001,1.4000000000000001,1.69
GA,2020-04-06,1.86,1.51,2.17,1.71,1.98
GA,2020-04-07,1.8900000000000001,1.54,2.17,1.72,1.98
GA,2020-04-08,1.5,1.17,1.78,1.35,1.6
GA,2020-04-09,0.89,0.5700000000000001,1.18,0.76,1.01
GA,2020-04-10,0.56,0.23,0.86,0.41000000000000003,0.67
GA,2020-04-11,0.36,0.02,0.63,0.22,0.48
GA,2020-04-12,0.61,0.25,0.93,0.44,0.72
GA,2020-04-13,0.96,0.6,1.28,0.79,1.07
GA,2020-04-14,1.41,1.06,1.72,1.26,1.53
GA,2020-04-15,1.4000000000000001,1.05,1.69,1.21,1.48
GA,2020-04-16,1.33,0.98,1.61,1.16,1.42
GA,2020-04-17,0.98,0.63,1.26,0.81,1.07
GA,2020-04-18,0.81,0.46,1.1,0.62,0.89
GA,2020-04-19,0.78,0.43,1.08,0.61,0.88
GA,2020-04-20,0.88,0.51,1.17,0.71,0.98
GA,2020-04-21,0.87,0.51,1.17,0.71,0.98
GA,2020-04-22,1.18,0.84,1.49,1.01,1.28
GA,2020-04-23,1.17,0.8300000000000001,1.47,0.99,1.26
HI,2020-04-01,1.54,0.0,3.24,0.67,2.19
HI,2020-04-02,1.51,0.09,2.74,0.8300000000000001,2.02
HI,2020-04-03,1.4000000000000001,0.17,2.47,0.84,1.85
HI,2020-04-04,1.2,0.14,2.17,0.67,1.57
HI,2020-04-05,1.08,0.06,1.94,0.55,1.3900000000000001
HI,2020-04-06,0.86,0.01,1.7,0.43,1.2
HI,2020-04-07,0.66,0.0,1.55,0.22,0.9400000000000001
HI,2020-04-08,0.56,0.0,1.48,0.19,0.87
HI,2020-04-09,0.55,0.0,1.47,0.19,0.86
HI,2020-04-10,0.53,0.0,1.46,0.15,0.8200000000000001
HI,2020-04-11,0.52,0.0,1.45,0.16,0.8200000000000001
HI,2020-04-12,0.51,0.0,1.45,0.13,0.79
HI,2020-04-13,0.45,0.0,1.4000000000000001,0.11,0.74
HI,2020-04-14,0.45,0.0,1.4000000000000001,0.1,0.73
HI,2020-04-15,0.44,0.0,1.4000000000000001,0.08,0.71
HI,2020-04-16,0.47000000000000003,0.0,1.45,0.12,0.77
HI,2020-04-17,0.5,0.0,1.49,0.15,0.8200000000000001
HI,2020-04-18,0.52,0.0,1.53,0.17,0.86
HI,2020-04-19,0.5,0.0,1.51,0.15,0.8300000000000001
HI,2020-04-20,0.43,0.0,1.45,0.14,0.78
HI,2020-04-21,0.39,0.0,1.3900000000000001,0.07,0.68
HI,2020-04-22,0.38,0.0,1.3900000000000001,0.05,0.66
HI,2020-04-23,0.35000000000000003,0.0,1.35,0.03,0.61
IA,2020-03-26,2.2800000000000002,0.36,3.88,1.4000000000000001,2.92
IA,2020-03-27,2.52,1.1400000000000001,3.72,1.9100000000000001,2.97
IA,2020-03-28,2.35,1.27,3.3200000000000003,1.8800000000000001,2.72
IA,2020-03-29,2.12,1.19,2.96,1.69,2.42
IA,2020-03-30,1.9100000000000001,1.06,2.67,1.54,2.2
IA,2020-03-31,1.7,0.89,2.41,1.3,1.93
IA,2020-04-01,1.59,0.84,2.3000000000000003,1.25,1.85
IA,2020-04-02,1.53,0.76,2.19,1.17,1.76
IA,2020-04-03,1.46,0.71,2.11,1.09,1.67
IA,2020-04-04,1.43,0.73,2.1,1.07,1.6400000000000001
IA,2020-04-05,1.43,0.72,2.07,1.08,1.6400000000000001
IA,2020-04-06,1.44,0.73,2.06,1.1,1.6500000000000001
IA,2020-04-07,1.44,0.76,2.06,1.1,1.6400000000000001
IA,2020-04-08,1.46,0.77,2.05,1.12,1.6500000000000001
IA,2020-04-09,1.3900000000000001,0.74,1.99,1.06,1.58
IA,2020-04-10,1.33,0.66,1.9000000000000001,1.02,1.53
IA,2020-04-11,1.32,0.6900000000000001,1.9100000000000001,1.05,1.55
IA,2020-04-12,1.27,0.63,1.84,0.97,1.47
IA,2020-04-13,1.28,0.64,1.84,1.01,1.5
IA,2020-04-14,1.37,0.74,1.92,1.06,1.55
IA,2020-04-15,1.41,0.79,1.95,1.11,1.59
IA,2020-04-16,1.72,1.12,2.24,1.45,1.9100000000000001
IA,2020-04-17,1.86,1.28,2.35,1.59,2.0300000000000002
IA,2020-04-18,2.1,1.55,2.56,1.82,2.24
IA,2020-04-19,1.98,1.47,2.42,1.75,2.14
IA,2020-04-20,1.6500000000000001,1.1500000000000001,2.07,1.41,1.79
IA,2020-04-21,1.3,0.8200000000000001,1.73,1.05,1.43
IA,2020-04-22,0.97,0.48,1.4000000000000001,0.74,1.12
IA,2020-04-23,0.6,0.12,1.03,0.35000000000000003,0.74
ID,2020-03-26,2.7600000000000002,0.74,4.46,1.84,3.4
ID,2020-03-27,2.38,1.0,3.63,1.8,2.88
ID,2020-03-28,2.25,1.1300000000000001,3.25,1.76,2.63
ID,2020-03-29,2.22,1.26,3.08,1.78,2.5300000000000002
ID,2020-03-30,2.29,1.42,3.04,1.87,2.54
ID,2020-03-31,2.5300000000000002,1.78,3.23,2.16,2.7600000000000002
ID,2020-04-01,2.5500000000000003,1.84,3.16,2.24,2.7800000000000002
ID,2020-04-02,2.2600000000000002,1.6,2.82,1.97,2.47
ID,2020-04-03,1.78,1.16,2.33,1.51,1.99
ID,2020-04-04,1.23,0.6,1.77,0.9500000000000001,1.43
ID,2020-04-05,0.74,0.12,1.27,0.44,0.93
ID,2020-04-06,0.27,0.0,0.85,0.04,0.43
ID,2020-04-07,0.18,0.0,0.76,0.0,0.33
ID,2020-04-08,0.3,0.0,0.87,0.07,0.46
ID,2020-04-09,0.4,0.0,1.01,0.17,0.62
ID,2020-04-10,0.44,0.0,1.07,0.14,0.63
ID,2020-04-11,0.38,0.0,1.03,0.09,0.56
ID,2020-04-12,0.27,0.0,0.92,0.02,0.43
ID,2020-04-13,0.37,0.0,1.04,0.07,0.54
ID,2020-04-14,0.39,0.0,1.08,0.1,0.59
ID,2020-04-15,0.65,0.02,1.37,0.32,0.92
ID,2020-04-16,0.9,0.1,1.62,0.5,1.16
ID,2020-04-17,0.81,0.06,1.51,0.44,1.08
ID,2020-04-18,0.71,0.02,1.41,0.33,0.96
ID,2020-04-19,0.54,0.0,1.28,0.19,0.78
ID,2020-04-20,0.44,0.0,1.21,0.17,0.72
ID,2020-04-21,0.58,0.0,1.35,0.26,0.87
ID,2020-04-22,0.73,0.04,1.5,0.33,0.99
ID,2020-04-23,0.86,0.05,1.6,0.42,1.11
IL,2020-03-16,4.48,2.75,5.99,3.72,5.05
IL,2020-03-17,4.11,2.99,5.0600000000000005,3.61,4.46
IL,2020-03-18,3.6,2.7600000000000002,4.34,3.21,3.86
IL,2020-03-19,3.31,2.6,3.92,3.0,3.54
IL,2020-03-20,2.91,2.29,3.45,2.61,3.09
IL,2020-03-21,2.56,1.98,3.0500000000000003,2.29,2.73
IL,2020-03-22,2.29,1.74,2.75,2.02,2.44
IL,2020-03-23,2.36,1.86,2.81,2.14,2.5300000000000002
IL,2020-03-24,2.32,1.85,2.74,2.09,2.46
IL,2020-03-25,2.24,1.79,2.63,2.0100000000000002,2.36
IL,2020-03-26,2.38,1.95,2.74,2.16,2.49
IL,2020-03-27,2.13,1.73,2.47,1.92,2.23
IL,2020-03-28,2.02,1.6600000000000001,2.36,1.84,2.13
IL,2020-03-29,1.8800000000000001,1.54,2.21,1.7,1.98
IL,2020-03-30,1.6,1.23,1.8900000000000001,1.43,1.7
IL,2020-03-31,1.61,1.26,1.9000000000000001,1.42,1.69
IL,2020-04-01,1.69,1.35,1.97,1.51,1.77
IL,2020-04-02,1.5,1.18,1.78,1.34,1.59
IL,2020-04-03,1.51,1.19,1.78,1.37,1.61
IL,2020-04-04,1.35,1.06,1.6300000000000001,1.19,1.43
IL,2020-04-05,1.31,1.0,1.57,1.1400000000000001,1.3800000000000001
IL,2020-04-06,1.33,1.02,1.58,1.18,1.41
IL,2020-04-07,1.32,1.02,1.57,1.16,1.3900000000000001
IL,2020-04-08,1.29,0.99,1.53,1.16,1.3800000000000001
IL,2020-04-09,1.37,1.08,1.61,1.23,1.45
IL,2020-04-10,1.19,0.91,1.43,1.04,1.26
IL,2020-04-11,1.01,0.74,1.26,0.86,1.08
IL,2020-04-12,0.9,0.61,1.1400000000000001,0.76,0.98
IL,2020-04-13,0.8300000000000001,0.55,1.08,0.6900000000000001,0.91
IL,2020-04-14,0.9500000000000001,0.64,1.18,0.81,1.03
IL,2020-04-15,1.1,0.8200000000000001,1.35,0.96,1.18
IL,2020-04-16,1.12,0.8200000000000001,1.35,0.97,1.19
IL,2020-04-17,1.1400000000000001,0.86,1.3800000000000001,0.98,1.2
IL,2020-04-18,1.07,0.79,1.31,0.91,1.1300000000000001
IL,2020-04-19,1.1,0.81,1.33,0.9400000000000001,1.16
IL,2020-04-20,1.22,0.9500000000000001,1.46,1.1,1.31
IL,2020-04-21,1.25,0.99,1.49,1.11,1.32
IL,2020-04-22,1.36,1.1,1.59,1.21,1.42
IL,2020-04-23,1.41,1.1500000000000001,1.6300000000000001,1.28,1.48
IN,2020-03-21,3.48,1.6600000000000001,5.03,2.73,4.11
IN,2020-03-22,3.16,1.96,4.2,2.63,3.5500000000000003
IN,2020-03-23,3.02,2.08,3.83,2.59,3.31
IN,2020-03-24,3.18,2.4,3.85,2.8000000000000003,3.4
IN,2020-03-25,3.09,2.45,3.69,2.8000000000000003,3.31
IN,2020-03-26,2.9,2.31,3.42,2.61,3.0700000000000003
IN,2020-03-27,2.62,2.07,3.09,2.36,2.7800000000000002
IN,2020-03-28,2.3000000000000003,1.78,2.74,2.09,2.48
IN,2020-03-29,2.04,1.54,2.46,1.8,2.18
IN,2020-03-30,1.9000000000000001,1.45,2.33,1.6500000000000001,2.02
IN,2020-03-31,1.74,1.27,2.13,1.49,1.85
IN,2020-04-01,1.72,1.3,2.13,1.49,1.84
IN,2020-04-02,1.62,1.19,2.0,1.3900000000000001,1.73
IN,2020-04-03,1.53,1.11,1.9000000000000001,1.31,1.6400000000000001
IN,2020-04-04,1.43,1.0,1.78,1.24,1.56
IN,2020-04-05,1.31,0.89,1.6600000000000001,1.1,1.42
IN,2020-04-06,1.16,0.76,1.52,0.9400000000000001,1.26
IN,2020-04-07,1.1,0.71,1.47,0.89,1.21
IN,2020-04-08,1.02,0.63,1.3900000000000001,0.8,1.12
IN,2020-04-09,1.01,0.59,1.36,0.8,1.12
IN,2020-04-10,0.93,0.51,1.28,0.72,1.04
IN,2020-04-11,0.79,0.36,1.1400000000000001,0.6,0.92
IN,2020-04-12,0.71,0.29,1.08,0.5,0.8300000000000001
IN,2020-04-13,0.74,0.29,1.1,0.56,0.89
IN,2020-04-14,0.9,0.47000000000000003,1.28,0.67,1.01
IN,2020-04-15,1.1500000000000001,0.73,1.53,0.9500000000000001,1.28
IN,2020-04-16,1.3900000000000001,0.98,1.76,1.21,1.53
IN,2020-04-17,1.43,1.01,1.77,1.25,1.56
IN,2020-04-18,1.24,0.8300000000000001,1.58,1.04,1.35
IN,2020-04-19,0.9400000000000001,0.54,1.29,0.75,1.06
IN,2020-04-20,0.8,0.41000000000000003,1.17,0.58,0.9
IN,2020-04-21,0.76,0.34,1.12,0.5700000000000001,0.89
IN,2020-04-22,0.86,0.43,1.22,0.64,0.97
IN,2020-04-23,0.9500000000000001,0.52,1.31,0.73,1.06
KS,2020-03-26,2.5100000000000002,0.52,4.16,1.6500000000000001,3.19
KS,2020-03-27,2.27,0.86,3.49,1.68,2.7600000000000002
KS,2020-03-28,2.13,1.01,3.14,1.59,2.47
KS,2020-03-29,1.93,0.9400000000000001,2.8000000000000003,1.52,2.2800000000000002
KS,2020-03-30,1.76,0.86,2.56,1.35,2.05
KS,2020-03-31,1.6500000000000001,0.81,2.41,1.25,1.9100000000000001
KS,2020-04-01,1.57,0.74,2.2800000000000002,1.21,1.84
KS,2020-04-02,1.47,0.7000000000000001,2.19,1.16,1.77
KS,2020-04-03,1.49,0.72,2.18,1.1400000000000001,1.74
KS,2020-04-04,1.3800000000000001,0.64,2.07,1.03,1.62
KS,2020-04-05,1.44,0.6900000000000001,2.1,1.1,1.68
KS,2020-04-06,1.41,0.71,2.09,1.07,1.6400000000000001
KS,2020-04-07,1.37,0.66,2.02,1.04,1.6
KS,2020-04-08,1.33,0.65,1.99,1.03,1.58
KS,2020-04-09,1.24,0.54,1.87,0.9,1.45
KS,2020-04-10,1.03,0.34,1.6600000000000001,0.7000000000000001,1.25
KS,2020-04-11,0.87,0.15,1.46,0.5700000000000001,1.12
KS,2020-04-12,0.68,0.03,1.26,0.33,0.88
KS,2020-04-13,0.71,0.04,1.31,0.39,0.9500000000000001
KS,2020-04-14,0.89,0.15,1.52,0.52,1.11
KS,2020-04-15,1.05,0.3,1.71,0.7000000000000001,1.29
KS,2020-04-16,1.21,0.46,1.87,0.88,1.46
KS,2020-04-17,1.37,0.65,2.02,1.07,1.6300000000000001
KS,2020-04-18,1.28,0.56,1.9000000000000001,0.9500000000000001,1.5
KS,2020-04-19,1.31,0.63,1.94,0.99,1.53
KS,2020-04-20,1.56,0.88,2.16,1.23,1.76
KS,2020-04-21,1.71,1.05,2.2800000000000002,1.3900000000000001,1.9000000000000001
KS,2020-04-22,1.9000000000000001,1.27,2.44,1.62,2.1
KS,2020-04-23,2.0,1.3900000000000001,2.5,1.7,2.16
KY,2020-03-25,2.4,0.39,4.08,1.49,3.08
KY,2020-03-26,2.47,1.07,3.77,1.86,2.97
KY,2020-03-27,2.43,1.31,3.45,1.92,2.8000000000000003
KY,2020-03-28,2.15,1.19,3.0300000000000002,1.69,2.45
KY,2020-03-29,2.0100000000000002,1.1500000000000001,2.81,1.6500000000000001,2.33
KY,2020-03-30,1.87,1.05,2.6,1.48,2.12
KY,2020-03-31,1.79,1.02,2.49,1.41,2.02
KY,2020-04-01,1.7,0.93,2.35,1.3800000000000001,1.96
KY,2020-04-02,1.57,0.8300000000000001,2.21,1.22,1.79
KY,2020-04-03,1.3800000000000001,0.66,2.02,1.05,1.61
KY,2020-04-04,1.18,0.49,1.84,0.84,1.4000000000000001
KY,2020-04-05,1.06,0.32,1.68,0.75,1.31
KY,2020-04-06,1.26,0.55,1.92,0.9,1.47
KY,2020-04-07,1.8900000000000001,1.2,2.52,1.61,2.15
KY,2020-04-08,2.07,1.44,2.67,1.76,2.27
KY,2020-04-09,2.05,1.42,2.58,1.74,2.22
KY,2020-04-10,1.76,1.16,2.27,1.46,1.92
KY,2020-04-11,1.3,0.7000000000000001,1.8,1.04,1.49
KY,2020-04-12,0.9500000000000001,0.36,1.47,0.67,1.1300000000000001
KY,2020-04-13,0.71,0.14,1.23,0.4,0.87
KY,2020-04-14,0.59,0.04,1.1,0.3,0.77
KY,2020-04-15,0.8300000000000001,0.21,1.3900000000000001,0.53,1.03
KY,2020-04-16,0.92,0.25,1.46,0.64,1.1400000000000001
KY,2020-04-17,1.17,0.51,1.72,0.86,1.36
KY,2020-04-18,1.31,0.7000000000000001,1.87,1.04,1.52
KY,2020-04-19,1.33,0.74,1.8800000000000001,1.06,1.53
KY,2020-04-20,1.36,0.76,1.8800000000000001,1.09,1.55
KY,2020-04-21,1.24,0.66,1.76,1.0,1.45
KY,2020-04-22,1.1500000000000001,0.56,1.6600000000000001,0.89,1.34
KY,2020-04-23,1.03,0.44,1.54,0.78,1.23
LA,2020-03-16,3.13,1.21,4.75,2.29,3.75
LA,2020-03-17,3.2,1.94,4.28,2.65,3.61
LA,2020-03-18,3.0100000000000002,2.06,3.87,2.5500000000000003,3.3000000000000003
LA,2020-03-19,3.0700000000000003,2.3000000000000003,3.8000000000000003,2.7,3.3200000000000003
LA,2020-03-20,3.11,2.44,3.73,2.81,3.34
LA,2020-03-21,2.87,2.25,3.4,2.61,3.08
LA,2020-03-22,2.77,2.24,3.2800000000000002,2.5100000000000002,2.94
LA,2020-03-23,2.66,2.15,3.11,2.4,2.8000000000000003
LA,2020-03-24,2.44,1.94,2.84,2.21,2.58
LA,2020-03-25,2.3000000000000003,1.87,2.71,2.08,2.43
LA,2020-03-26,1.87,1.44,2.25,1.6400000000000001,1.98
LA,2020-03-27,1.58,1.1400000000000001,1.94,1.37,1.7
LA,2020-03-28,1.77,1.34,2.12,1.57,1.8900000000000001
LA,2020-03-29,2.0100000000000002,1.6,2.34,1.8,2.11
LA,2020-03-30,2.94,2.57,3.24,2.75,3.0300000000000002
LA,2020-03-31,2.9,2.58,3.17,2.7600000000000002,3.0
LA,2020-04-01,2.77,2.48,3.0100000000000002,2.63,2.85
LA,2020-04-02,2.02,1.75,2.25,1.8800000000000001,2.09
LA,2020-04-03,1.51,1.24,1.73,1.3900000000000001,1.59
LA,2020-04-04,0.97,0.6900000000000001,1.19,0.8300000000000001,1.04
LA,2020-04-05,0.62,0.35000000000000003,0.86,0.5,0.71
LA,2020-04-06,0.39,0.12,0.64,0.25,0.47000000000000003
LA,2020-04-07,0.56,0.26,0.81,0.4,0.63
LA,2020-04-08,0.35000000000000003,0.05,0.59,0.2,0.43
LA,2020-04-09,0.46,0.14,0.72,0.31,0.55
LA,2020-04-10,0.07,0.0,0.38,0.0,0.16
LA,2020-04-11,0.01,0.0,0.35000000000000003,0.0,0.14
LA,2020-04-12,0.05,0.0,0.38,0.0,0.16
LA,2020-04-13,0.01,0.0,0.38,0.0,0.15
LA,2020-04-14,0.26,0.0,0.55,0.1,0.35000000000000003
LA,2020-04-15,0.54,0.13,0.87,0.34,0.65
LA,2020-04-16,0.74,0.33,1.1,0.54,0.86
LA,2020-04-17,0.92,0.5,1.27,0.71,1.03
LA,2020-04-18,0.8200000000000001,0.4,1.17,0.61,0.93
LA,2020-04-19,0.76,0.33,1.11,0.56,0.88
LA,2020-04-20,0.72,0.29,1.08,0.5,0.8300000000000001
LA,2020-04-21,0.76,0.34,1.1400000000000001,0.56,0.89
LA,2020-04-22,0.86,0.41000000000000003,1.22,0.67,1.0
LA,2020-04-23,0.99,0.5700000000000001,1.37,0.79,1.12
MA,2020-03-17,3.0100000000000002,1.05,4.66,2.18,3.67
MA,2020-03-18,3.14,1.85,4.25,2.54,3.5300000000000002
MA,2020-03-19,2.97,1.98,3.84,2.58,3.34
MA,2020-03-20,2.74,1.9000000000000001,3.47,2.34,2.99
MA,2020-03-21,2.95,2.24,3.6,2.62,3.18
MA,2020-03-22,3.46,2.82,4.0,3.14,3.63
MA,2020-03-23,3.6,3.0500000000000003,4.0600000000000005,3.3200000000000003,3.74
MA,2020-03-24,3.5500000000000003,3.08,3.95,3.3200000000000003,3.68
MA,2020-03-25,3.31,2.92,3.68,3.09,3.41
MA,2020-03-26,2.75,2.36,3.06,2.56,2.85
MA,2020-03-27,2.23,1.8800000000000001,2.54,2.08,2.35
MA,2020-03-28,1.76,1.42,2.06,1.58,1.85
MA,2020-03-29,1.49,1.16,1.79,1.33,1.59
MA,2020-03-30,1.47,1.1400000000000001,1.76,1.3,1.56
MA,2020-03-31,1.56,1.22,1.83,1.41,1.6600000000000001
MA,2020-04-01,1.6400000000000001,1.34,1.92,1.5,1.74
MA,2020-04-02,1.52,1.2,1.77,1.35,1.59
MA,2020-04-03,1.36,1.05,1.61,1.21,1.44
MA,2020-04-04,1.18,0.89,1.44,1.03,1.26
MA,2020-04-05,1.1400000000000001,0.84,1.3900000000000001,0.98,1.21
MA,2020-04-06,1.3900000000000001,1.1,1.6400000000000001,1.27,1.49
MA,2020-04-07,1.62,1.33,1.85,1.46,1.68
MA,2020-04-08,1.73,1.45,1.95,1.58,1.79
MA,2020-04-09,1.84,1.59,2.06,1.7,1.9000000000000001
MA,2020-04-10,1.46,1.21,1.67,1.34,1.53
MA,2020-04-11,1.1300000000000001,0.87,1.33,1.0,1.19
MA,2020-04-12,0.86,0.62,1.08,0.75,0.9400000000000001
MA,2020-04-13,0.75,0.5,0.97,0.61,0.81
MA,2020-04-14,0.89,0.62,1.1,0.75,0.9500000000000001
MA,2020-04-15,1.1,0.85,1.32,0.96,1.16
MA,2020-04-16,1.1400000000000001,0.88,1.35,1.03,1.22
MA,2020-04-17,1.17,0.92,1.3800000000000001,1.05,1.24
MA,2020-04-18,0.9500000000000001,0.7000000000000001,1.16,0.8300000000000001,1.02
MA,2020-04-19,0.73,0.48,0.9500000000000001,0.59,0.79
MA,2020-04-20,0.93,0.66,1.1400000000000001,0.79,0.99
MA,2020-04-21,1.11,0.86,1.33,0.97,1.17
MA,2020-04-22,1.36,1.11,1.57,1.24,1.43
MA,2020-04-23,1.54,1.31,1.75,1.4000000000000001,1.59
MD,2020-03-20,2.2800000000000002,0.36,3.88,1.4000000000000001,2.92
MD,2020-03-21,2.17,0.76,3.38,1.57,2.65
MD,2020-03-22,2.07,0.96,3.09,1.54,2.42
MD,2020-03-23,2.24,1.28,3.1,1.8,2.5500000000000003
MD,2020-03-24,2.52,1.68,3.27,2.18,2.83
MD,2020-03-25,2.74,2.0100000000000002,3.41,2.39,2.97
MD,2020-03-26,2.81,2.15,3.4,2.48,3.0
MD,2020-03-27,2.61,1.99,3.13,2.32,2.79
MD,2020-03-28,2.33,1.76,2.82,2.05,2.49
MD,2020-03-29,2.09,1.55,2.56,1.82,2.24
MD,2020-03-30,1.8900000000000001,1.36,2.34,1.6600000000000001,2.06
MD,2020-03-31,1.87,1.35,2.3000000000000003,1.6300000000000001,2.02
MD,2020-04-01,1.84,1.35,2.2600000000000002,1.59,1.97
MD,2020-04-02,1.85,1.37,2.25,1.6400000000000001,2.0
MD,2020-04-03,1.78,1.34,2.18,1.56,1.9100000000000001
MD,2020-04-04,1.55,1.12,1.94,1.34,1.68
MD,2020-04-05,1.79,1.35,2.15,1.58,1.9100000000000001
MD,2020-04-06,1.85,1.44,2.2,1.68,1.99
MD,2020-04-07,1.93,1.56,2.2800000000000002,1.74,2.04
MD,2020-04-08,1.87,1.5,2.19,1.68,1.97
MD,2020-04-09,1.56,1.2,1.87,1.37,1.6500000000000001
MD,2020-04-10,1.27,0.93,1.59,1.08,1.36
MD,2020-04-11,0.98,0.62,1.29,0.8,1.08
MD,2020-04-12,0.64,0.29,0.97,0.48,0.76
MD,2020-04-13,0.76,0.39,1.09,0.58,0.87
MD,2020-04-14,0.9,0.51,1.22,0.72,1.01
MD,2020-04-15,1.08,0.7000000000000001,1.4000000000000001,0.89,1.18
MD,2020-04-16,1.16,0.8,1.49,0.97,1.26
MD,2020-04-17,1.19,0.8300000000000001,1.51,1.02,1.3
MD,2020-04-18,1.08,0.71,1.3900000000000001,0.91,1.19
MD,2020-04-19,0.9500000000000001,0.59,1.27,0.78,1.06
MD,2020-04-20,0.96,0.58,1.27,0.81,1.09
MD,2020-04-21,0.99,0.61,1.3,0.84,1.12
MD,2020-04-22,1.1,0.74,1.42,0.93,1.21
MD,2020-04-23,1.27,0.91,1.58,1.08,1.36
ME,2020-03-29,1.74,0.04,3.35,0.8300000000000001,2.36
ME,2020-03-30,1.58,0.17,2.79,0.89,2.05
ME,2020-03-31,1.6,0.36,2.67,1.05,2.0300000000000002
ME,2020-04-01,1.4000000000000001,0.33,2.38,0.92,1.79
ME,2020-04-02,1.29,0.24,2.15,0.8200000000000001,1.6300000000000001
ME,2020-04-03,1.17,0.18,1.98,0.72,1.49
ME,2020-04-04,0.98,0.1,1.77,0.54,1.28
ME,2020-04-05,0.77,0.0,1.53,0.34,1.04
ME,2020-04-06,0.61,0.0,1.43,0.25,0.91
ME,2020-04-07,0.53,0.0,1.3900000000000001,0.18,0.8200000000000001
ME,2020-04-08,0.58,0.0,1.44,0.2,0.86
ME,2020-04-09,0.67,0.0,1.52,0.3,0.99
ME,2020-04-10,0.88,0.05,1.71,0.4,1.1500000000000001
ME,2020-04-11,1.1,0.14,1.92,0.67,1.44
ME,2020-04-12,1.26,0.31,2.12,0.79,1.56
ME,2020-04-13,1.29,0.34,2.12,0.8300000000000001,1.58
ME,2020-04-14,1.26,0.34,2.08,0.8300000000000001,1.56
ME,2020-04-15,1.12,0.23,1.9100000000000001,0.67,1.3900000000000001
ME,2020-04-16,0.97,0.09,1.7,0.51,1.22
ME,2020-04-17,0.67,0.0,1.43,0.27,0.93
ME,2020-04-18,0.49,0.0,1.32,0.14,0.75
ME,2020-04-19,0.41000000000000003,0.0,1.27,0.13,0.7000000000000001
ME,2020-04-20,0.4,0.0,1.26,0.1,0.66
ME,2020-04-21,0.44,0.0,1.32,0.14,0.73
ME,2020-04-22,0.52,0.0,1.42,0.18,0.8200000000000001
ME,2020-04-23,0.66,0.0,1.55,0.29,0.99
MI,2020-03-07,3.36,1.47,5.0200000000000005,2.54,4.0
MI,2020-03-08,3.37,2.17,4.49,2.7800000000000002,3.74
MI,2020-03-09,3.42,2.5100000000000002,4.2700000000000005,2.97,3.7
MI,2020-03-10,3.37,2.6,4.04,3.04,3.63
MI,2020-03-11,3.15,2.48,3.72,2.84,3.35
MI,2020-03-12,2.86,2.3000000000000003,3.4,2.57,3.0300000000000002
MI,2020-03-13,2.68,2.16,3.17,2.41,2.83
MI,2020-03-14,2.5100000000000002,2.02,2.96,2.27,2.66
MI,2020-03-15,2.39,1.9000000000000001,2.79,2.14,2.5100000000000002
MI,2020-03-16,2.19,1.74,2.58,1.96,2.31
MI,2020-03-17,2.04,1.61,2.41,1.84,2.17
MI,2020-03-18,1.82,1.41,2.18,1.62,1.94
MI,2020-03-19,1.61,1.21,1.96,1.42,1.73
MI,2020-03-20,1.47,1.06,1.8,1.25,1.56
MI,2020-03-21,1.3800000000000001,0.98,1.71,1.19,1.49
MI,2020-03-22,1.31,0.92,1.6400000000000001,1.11,1.41
MI,2020-03-23,1.3,0.92,1.6300000000000001,1.1400000000000001,1.43
MI,2020-03-24,1.34,0.9500000000000001,1.6500000000000001,1.1500000000000001,1.44
MI,2020-03-25,1.31,0.93,1.62,1.16,1.44
MI,2020-03-26,1.27,0.9,1.58,1.1,1.3800000000000001
MI,2020-03-27,1.25,0.88,1.55,1.06,1.34
MI,2020-03-28,1.29,0.93,1.59,1.1300000000000001,1.4000000000000001
MI,2020-03-29,1.36,1.0,1.6500000000000001,1.18,1.45
MI,2020-03-30,1.5,1.1500000000000001,1.78,1.33,1.59
MI,2020-03-31,1.54,1.21,1.82,1.3900000000000001,1.6400000000000001
MI,2020-04-01,1.57,1.25,1.84,1.3900000000000001,1.6400000000000001
MI,2020-04-02,1.45,1.1300000000000001,1.71,1.3,1.54
MI,2020-04-03,1.34,1.02,1.59,1.17,1.41
MI,2020-04-04,1.16,0.87,1.43,1.03,1.26
MI,2020-04-05,0.9500000000000001,0.64,1.21,0.78,1.02
MI,2020-04-06,0.76,0.44,1.02,0.6,0.84
MI,2020-04-07,0.77,0.44,1.03,0.62,0.86
MI,2020-04-08,0.85,0.53,1.12,0.67,0.92
MI,2020-04-09,0.86,0.55,1.1400000000000001,0.6900000000000001,0.9400000000000001
MI,2020-04-10,0.93,0.6,1.2,0.76,1.01
MI,2020-04-11,1.09,0.77,1.36,0.91,1.16
MI,2020-04-12,1.1,0.78,1.37,0.96,1.2
MI,2020-04-13,1.1400000000000001,0.84,1.42,1.0,1.24
MI,2020-04-14,1.04,0.73,1.31,0.89,1.1300000000000001
MI,2020-04-15,0.92,0.62,1.2,0.78,1.02
MI,2020-04-16,0.76,0.45,1.04,0.59,0.84
MI,2020-04-17,0.43,0.1,0.7000000000000001,0.27,0.52
MI,2020-04-18,0.31,0.0,0.5700000000000001,0.15,0.4
MI,2020-04-19,0.54,0.2,0.85,0.38,0.65
MI,2020-04-20,1.01,0.65,1.31,0.85,1.12
MI,2020-04-21,1.4000000000000001,1.07,1.7,1.24,1.5
MI,2020-04-22,1.56,1.23,1.84,1.42,1.67
MI,2020-04-23,1.61,1.28,1.87,1.47,1.71
MN,2020-03-22,1.9000000000000001,0.1,3.46,0.99,2.5100000000000002
MN,2020-03-23,1.95,0.5,3.18,1.26,2.39
MN,2020-03-24,1.71,0.53,2.7600000000000002,1.17,2.1
MN,2020-03-25,1.59,0.52,2.5100000000000002,1.1400000000000001,1.96
MN,2020-03-26,1.6,0.65,2.48,1.1300000000000001,1.8900000000000001
MN,2020-03-27,1.56,0.65,2.37,1.1300000000000001,1.84
MN,2020-03-28,1.59,0.71,2.35,1.21,1.8800000000000001
MN,2020-03-29,1.56,0.73,2.3000000000000003,1.16,1.81
MN,2020-03-30,1.44,0.67,2.19,1.06,1.69
MN,2020-03-31,1.3,0.5,2.0,0.92,1.54
MN,2020-04-01,1.25,0.45,1.94,0.92,1.53
MN,2020-04-02,1.19,0.39,1.87,0.8300000000000001,1.44
MN,2020-04-03,1.1400000000000001,0.36,1.83,0.78,1.3900000000000001
MN,2020-04-04,1.19,0.41000000000000003,1.8800000000000001,0.8200000000000001,1.43
MN,2020-04-05,1.25,0.48,1.94,0.91,1.51
MN,2020-04-06,1.32,0.56,2.0,0.99,1.58
MN,2020-04-07,1.3900000000000001,0.64,2.05,1.05,1.6300000000000001
MN,2020-04-08,1.3800000000000001,0.65,2.0300000000000002,1.03,1.6
MN,2020-04-09,1.55,0.8200000000000001,2.17,1.25,1.8
MN,2020-04-10,1.52,0.85,2.15,1.18,1.72
MN,2020-04-11,1.35,0.67,1.95,1.02,1.55
MN,2020-04-12,1.2,0.53,1.8,0.92,1.44
MN,2020-04-13,1.06,0.39,1.6600000000000001,0.72,1.25
MN,2020-04-14,1.04,0.36,1.6400000000000001,0.72,1.25
MN,2020-04-15,1.2,0.5,1.79,0.88,1.41
MN,2020-04-16,1.34,0.6900000000000001,1.95,1.03,1.55
MN,2020-04-17,1.53,0.86,2.09,1.2,1.71
MN,2020-04-18,1.46,0.8200000000000001,2.0100000000000002,1.16,1.6500000000000001
MN,2020-04-19,1.28,0.66,1.83,1.0,1.48
MN,2020-04-20,1.27,0.66,1.82,0.98,1.46
MN,2020-04-21,1.25,0.64,1.79,0.9400000000000001,1.42
MN,2020-04-22,1.31,0.7000000000000001,1.84,1.03,1.5
MN,2020-04-23,1.4000000000000001,0.79,1.9100000000000001,1.12,1.58
MO,2020-03-22,4.09,2.17,5.74,3.34,4.8
MO,2020-03-23,3.8000000000000003,2.57,4.87,3.22,4.17
MO,2020-03-24,3.6,2.68,4.42,3.16,3.88
MO,2020-03-25,3.2600000000000002,2.49,3.93,2.92,3.5100000000000002
MO,2020-03-26,2.65,1.95,3.23,2.31,2.84
MO,2020-03-27,2.17,1.52,2.72,1.8900000000000001,2.38
MO,2020-03-28,1.99,1.3900000000000001,2.54,1.68,2.16
MO,2020-03-29,1.83,1.22,2.34,1.55,2.0100000000000002
MO,2020-03-30,1.9100000000000001,1.33,2.41,1.61,2.06
MO,2020-03-31,1.98,1.46,2.49,1.71,2.14
MO,2020-04-01,1.83,1.3,2.29,1.57,1.98
MO,2020-04-02,1.51,0.99,1.96,1.26,1.6600000000000001
MO,2020-04-03,1.22,0.6900000000000001,1.6600000000000001,0.97,1.37
MO,2020-04-04,1.06,0.53,1.51,0.84,1.24
MO,2020-04-05,1.1400000000000001,0.62,1.6,0.93,1.33
MO,2020-04-06,1.24,0.73,1.7,1.0,1.4000000000000001
MO,2020-04-07,1.29,0.77,1.73,1.08,1.47
MO,2020-04-08,1.22,0.73,1.67,0.98,1.37
MO,2020-04-09,1.02,0.52,1.46,0.77,1.16
MO,2020-04-10,0.74,0.22,1.17,0.53,0.92
MO,2020-04-11,0.71,0.18,1.1500000000000001,0.44,0.85
MO,2020-04-12,0.76,0.23,1.22,0.52,0.93
MO,2020-04-13,0.91,0.35000000000000003,1.36,0.63,1.05
MO,2020-04-14,0.9400000000000001,0.42,1.42,0.72,1.1300000000000001
MO,2020-04-15,0.96,0.43,1.43,0.73,1.1400000000000001
MO,2020-04-16,0.9,0.37,1.37,0.67,1.08
MO,2020-04-17,0.74,0.19,1.19,0.47000000000000003,0.89
MO,2020-04-18,0.58,0.06,1.02,0.3,0.72
MO,2020-04-19,0.5700000000000001,0.08,1.05,0.34,0.76
MO,2020-04-20,0.61,0.06,1.07,0.32,0.76
MO,2020-04-21,0.72,0.17,1.23,0.45,0.9
MO,2020-04-22,0.8200000000000001,0.23,1.32,0.52,0.98
MO,2020-04-23,0.99,0.4,1.5,0.75,1.2
MS,2020-03-20,3.08,1.03,4.86,2.18,3.77
MS,2020-03-21,2.89,1.49,4.1,2.29,3.36
MS,2020-03-22,2.5100000000000002,1.3800000000000001,3.46,2.04,2.89
MS,2020-03-23,2.32,1.3900000000000001,3.17,1.92,2.65
MS,2020-03-24,2.17,1.34,2.94,1.78,2.44
MS,2020-03-25,2.0100000000000002,1.22,2.71,1.67,2.2800000000000002
MS,2020-03-26,1.8900000000000001,1.1500000000000001,2.56,1.55,2.13
MS,2020-03-27,1.77,1.03,2.39,1.43,1.99
MS,2020-03-28,1.58,0.89,2.21,1.23,1.78
MS,2020-03-29,1.52,0.8300000000000001,2.13,1.17,1.71
MS,2020-03-30,1.4000000000000001,0.74,2.02,1.08,1.61
MS,2020-03-31,1.49,0.8,2.07,1.19,1.71
MS,2020-04-01,1.49,0.8300000000000001,2.07,1.19,1.7
MS,2020-04-02,1.56,0.91,2.12,1.25,1.75
MS,2020-04-03,1.48,0.85,2.0300000000000002,1.16,1.6500000000000001
MS,2020-04-04,1.42,0.8,1.96,1.12,1.6
MS,2020-04-05,1.25,0.63,1.78,0.99,1.46
MS,2020-04-06,1.28,0.68,1.82,1.0,1.47
MS,2020-04-07,1.32,0.71,1.84,1.01,1.48
MS,2020-04-08,1.43,0.8300000000000001,1.94,1.1300000000000001,1.59
MS,2020-04-09,1.3900000000000001,0.8200000000000001,1.9000000000000001,1.1,1.55
MS,2020-04-10,1.33,0.75,1.82,1.06,1.5
MS,2020-04-11,1.11,0.55,1.61,0.8300000000000001,1.27
MS,2020-04-12,1.1,0.56,1.62,0.8300000000000001,1.27
MS,2020-04-13,1.12,0.5700000000000001,1.6300000000000001,0.85,1.29
MS,2020-04-14,1.22,0.68,1.73,0.93,1.37
MS,2020-04-15,1.3,0.74,1.78,1.03,1.46
MS,2020-04-16,1.36,0.8,1.82,1.1,1.52
MS,2020-04-17,1.3,0.76,1.76,1.06,1.47
MS,2020-04-18,1.24,0.7000000000000001,1.69,0.98,1.3900000000000001
MS,2020-04-19,1.1,0.56,1.55,0.8300000000000001,1.24
MS,2020-04-20,1.06,0.52,1.51,0.8,1.21
MS,2020-04-21,1.03,0.5,1.49,0.77,1.18
MS,2020-04-22,1.01,0.48,1.47,0.75,1.16
MS,2020-04-23,0.9400000000000001,0.43,1.42,0.6900000000000001,1.1
MT,2020-03-25,3.17,0.3,5.48,1.85,4.14
MT,2020-03-26,2.87,0.8200000000000001,4.67,1.97,3.58
MT,2020-03-27,2.52,0.84,3.94,1.79,3.0700000000000003
MT,2020-03-28,2.02,0.58,3.24,1.44,2.54
MT,2020-03-29,1.75,0.45,2.85,1.19,2.19
MT,2020-03-30,1.51,0.28,2.5,0.9500000000000001,1.8900000000000001
MT,2020-03-31,1.27,0.18,2.23,0.71,1.61
MT,2020-04-01,1.22,0.16,2.15,0.66,1.54
MT,2020-04-02,1.17,0.1,2.05,0.65,1.51
MT,2020-04-03,1.1300000000000001,0.1,2.0100000000000002,0.6,1.45
MT,2020-04-04,1.09,0.09,1.97,0.58,1.42
MT,2020-04-05,1.0,0.03,1.85,0.51,1.33
MT,2020-04-06,0.98,0.01,1.82,0.47000000000000003,1.29
MT,2020-04-07,0.89,0.0,1.75,0.41000000000000003,1.21
MT,2020-04-08,0.81,0.0,1.7,0.39,1.17
MT,2020-04-09,0.73,0.0,1.6600000000000001,0.26,1.03
MT,2020-04-10,0.66,0.0,1.6300000000000001,0.23,0.98
MT,2020-04-11,0.53,0.0,1.54,0.14,0.85
MT,2020-04-12,0.45,0.0,1.48,0.16,0.8200000000000001
MT,2020-04-13,0.4,0.0,1.42,0.06,0.6900000000000001
MT,2020-04-14,0.4,0.0,1.42,0.08,0.7000000000000001
MT,2020-04-15,0.43,0.0,1.47,0.15,0.79
MT,2020-04-16,0.45,0.0,1.51,0.09,0.76
MT,2020-04-17,0.43,0.0,1.5,0.08,0.74
MT,2020-04-18,0.45,0.0,1.55,0.1,0.78
MT,2020-04-19,0.43,0.0,1.53,0.07,0.74
MT,2020-04-20,0.41000000000000003,0.0,1.51,0.05,0.71
MT,2020-04-21,0.39,0.0,1.5,0.1,0.74
MT,2020-04-22,0.41000000000000003,0.0,1.55,0.06,0.73
MT,2020-04-23,0.43,0.0,1.59,0.08,0.77
NC,2020-03-20,2.7800000000000002,0.86,4.43,2.0100000000000002,3.49
NC,2020-03-21,2.66,1.36,3.8200000000000003,2.09,3.1
NC,2020-03-22,2.54,1.5,3.45,2.09,2.89
NC,2020-03-23,2.46,1.59,3.25,2.09,2.77
NC,2020-03-24,2.4,1.6,3.08,2.0300000000000002,2.64
NC,2020-03-25,2.36,1.6300000000000001,2.98,2.0,2.56
NC,2020-03-26,2.13,1.46,2.72,1.81,2.33
NC,2020-03-27,2.11,1.5,2.69,1.83,2.32
NC,2020-03-28,1.98,1.37,2.5100000000000002,1.69,2.16
NC,2020-03-29,1.74,1.16,2.2600000000000002,1.44,1.9000000000000001
NC,2020-03-30,1.6600000000000001,1.08,2.16,1.36,1.81
NC,2020-03-31,1.57,0.99,2.05,1.28,1.72
NC,2020-04-01,1.55,1.03,2.06,1.28,1.71
NC,2020-04-02,1.54,1.01,2.02,1.28,1.7
NC,2020-04-03,1.48,0.96,1.95,1.23,1.6400000000000001
NC,2020-04-04,1.51,0.99,1.96,1.27,1.67
NC,2020-04-05,1.44,0.93,1.8800000000000001,1.21,1.6
NC,2020-04-06,1.25,0.74,1.68,0.99,1.3800000000000001
NC,2020-04-07,1.1300000000000001,0.62,1.56,0.87,1.26
NC,2020-04-08,1.12,0.61,1.55,0.87,1.26
NC,2020-04-09,1.11,0.6,1.54,0.86,1.25
NC,2020-04-10,1.12,0.63,1.56,0.92,1.3
NC,2020-04-11,1.04,0.54,1.47,0.8300000000000001,1.21
NC,2020-04-12,0.9,0.42,1.35,0.64,1.03
NC,2020-04-13,0.81,0.29,1.24,0.58,0.97
NC,2020-04-14,0.85,0.34,1.3,0.59,0.99
NC,2020-04-15,0.9500000000000001,0.45,1.41,0.7000000000000001,1.1
NC,2020-04-16,1.29,0.78,1.73,1.06,1.45
NC,2020-04-17,1.37,0.88,1.8,1.1400000000000001,1.52
NC,2020-04-18,1.27,0.8,1.7,1.06,1.43
NC,2020-04-19,1.11,0.63,1.53,0.89,1.26
NC,2020-04-20,0.93,0.47000000000000003,1.37,0.73,1.1
NC,2020-04-21,0.86,0.36,1.28,0.62,1.0
NC,2020-04-22,0.99,0.51,1.43,0.76,1.1400000000000001
NC,2020-04-23,1.08,0.58,1.5,0.84,1.22
ND,2020-04-16,2.89,0.9,4.57,2.08,3.6
ND,2020-04-17,2.66,1.32,3.85,2.06,3.1
ND,2020-04-18,2.2,1.12,3.17,1.73,2.57
ND,2020-04-19,1.75,0.79,2.61,1.31,2.06
ND,2020-04-20,1.35,0.42,2.13,0.91,1.62
ND,2020-04-21,1.04,0.15,1.76,0.61,1.3
ND,2020-04-22,0.78,0.0,1.46,0.38,1.04
ND,2020-04-23,0.65,0.0,1.3900000000000001,0.27,0.91
NE,2020-03-31,2.2800000000000002,0.23,3.95,1.42,3.0500000000000003
NE,2020-04-01,1.94,0.41000000000000003,3.21,1.33,2.5100000000000002
NE,2020-04-02,1.81,0.52,2.88,1.24,2.22
NE,2020-04-03,1.67,0.53,2.62,1.2,2.06
NE,2020-04-04,1.53,0.49,2.41,1.1,1.8900000000000001
NE,2020-04-05,1.57,0.6,2.41,1.1,1.85
NE,2020-04-06,1.54,0.64,2.36,1.11,1.82
NE,2020-04-07,1.55,0.6900000000000001,2.34,1.1500000000000001,1.83
NE,2020-04-08,1.54,0.68,2.2800000000000002,1.1400000000000001,1.8
NE,2020-04-09,1.59,0.8,2.34,1.19,1.83
NE,2020-04-10,1.5,0.7000000000000001,2.2,1.11,1.73
NE,2020-04-11,1.3900000000000001,0.63,2.1,1.01,1.62
NE,2020-04-12,1.1500000000000001,0.36,1.82,0.81,1.41
NE,2020-04-13,1.0,0.23,1.67,0.62,1.23
NE,2020-04-14,0.99,0.23,1.68,0.6,1.22
NE,2020-04-15,1.05,0.24,1.72,0.68,1.3
NE,2020-04-16,1.36,0.59,2.08,0.97,1.59
NE,2020-04-17,1.85,1.11,2.5300000000000002,1.48,2.07
NE,2020-04-18,2.1,1.3800000000000001,2.71,1.75,2.3000000000000003
NE,2020-04-19,2.06,1.4000000000000001,2.64,1.76,2.27
NE,2020-04-20,1.82,1.2,2.38,1.52,2.0100000000000002
NE,2020-04-21,1.48,0.85,2.0100000000000002,1.17,1.6500000000000001
NE,2020-04-22,1.21,0.58,1.74,0.91,1.3900000000000001
NE,2020-04-23,0.92,0.29,1.46,0.66,1.1400000000000001
NH,2020-03-28,1.9000000000000001,0.1,3.46,0.99,2.5100000000000002
NH,2020-03-29,2.34,0.93,3.61,1.67,2.7800000000000002
NH,2020-03-30,1.98,0.81,2.99,1.43,2.33
NH,2020-03-31,1.8,0.79,2.7,1.31,2.1
NH,2020-04-01,1.61,0.66,2.42,1.21,1.93
NH,2020-04-02,1.55,0.68,2.34,1.18,1.86
NH,2020-04-03,1.44,0.59,2.19,1.04,1.7
NH,2020-04-04,1.46,0.62,2.18,1.08,1.72
NH,2020-04-05,1.37,0.5700000000000001,2.09,0.98,1.61
NH,2020-04-06,1.25,0.45,1.95,0.87,1.49
NH,2020-04-07,0.98,0.18,1.6400000000000001,0.59,1.21
NH,2020-04-08,0.81,0.04,1.44,0.41000000000000003,1.03
NH,2020-04-09,0.6900000000000001,0.0,1.34,0.29,0.9
NH,2020-04-10,0.76,0.03,1.44,0.38,1.01
NH,2020-04-11,0.84,0.08,1.54,0.42,1.07
NH,2020-04-12,1.12,0.28,1.86,0.71,1.3800000000000001
NH,2020-04-13,1.22,0.36,1.94,0.81,1.47
NH,2020-04-14,1.41,0.58,2.13,1.02,1.6600000000000001
NH,2020-04-15,1.3,0.51,2.0100000000000002,0.93,1.55
NH,2020-04-16,1.25,0.45,1.93,0.88,1.49
NH,2020-04-17,1.1300000000000001,0.34,1.8,0.74,1.35
NH,2020-04-18,1.09,0.32,1.77,0.7000000000000001,1.31
NH,2020-04-19,0.86,0.1,1.49,0.5,1.1
NH,2020-04-20,0.97,0.18,1.6300000000000001,0.58,1.2
NH,2020-04-21,0.91,0.13,1.56,0.5700000000000001,1.18
NH,2020-04-22,1.08,0.29,1.77,0.72,1.34
NH,2020-04-23,1.11,0.31,1.79,0.72,1.34
NJ,2020-03-15,4.62,2.89,6.1000000000000005,3.84,5.16
NJ,2020-03-16,4.66,3.59,5.57,4.21,5.0200000000000005
NJ,2020-03-17,3.96,3.19,4.67,3.6,4.21
NJ,2020-03-18,3.73,3.1,4.3100000000000005,3.43,3.93
NJ,2020-03-19,3.49,2.93,3.97,3.22,3.65
NJ,2020-03-20,3.47,2.98,3.89,3.22,3.6
NJ,2020-03-21,3.27,2.86,3.66,3.08,3.41
NJ,2020-03-22,2.88,2.49,3.22,2.7,3.0
NJ,2020-03-23,3.1,2.74,3.4,2.94,3.21
NJ,2020-03-24,2.98,2.66,3.25,2.85,3.09
NJ,2020-03-25,2.82,2.54,3.0700000000000003,2.68,2.9
NJ,2020-03-26,2.5300000000000002,2.2600000000000002,2.75,2.42,2.62
NJ,2020-03-27,2.32,2.06,2.52,2.19,2.38
NJ,2020-03-28,1.8900000000000001,1.6600000000000001,2.09,1.77,1.95
NJ,2020-03-29,1.77,1.53,1.95,1.67,1.84
NJ,2020-03-30,1.52,1.31,1.71,1.4000000000000001,1.57
NJ,2020-03-31,1.6600000000000001,1.45,1.84,1.56,1.72
NJ,2020-04-01,1.68,1.49,1.86,1.56,1.72
NJ,2020-04-02,1.57,1.3800000000000001,1.74,1.47,1.62
NJ,2020-04-03,1.37,1.18,1.53,1.26,1.41
NJ,2020-04-04,1.2,1.01,1.36,1.09,1.24
NJ,2020-04-05,0.87,0.68,1.03,0.76,0.91
NJ,2020-04-06,0.8,0.6,0.96,0.7000000000000001,0.85
NJ,2020-04-07,0.77,0.58,0.9400000000000001,0.67,0.8200000000000001
NJ,2020-04-08,0.89,0.68,1.05,0.8,0.9500000000000001
NJ,2020-04-09,1.07,0.85,1.22,0.97,1.12
NJ,2020-04-10,1.0,0.81,1.17,0.91,1.06
NJ,2020-04-11,1.09,0.9,1.26,0.99,1.1400000000000001
NJ,2020-04-12,0.91,0.72,1.08,0.81,0.96
NJ,2020-04-13,0.96,0.75,1.12,0.86,1.01
NJ,2020-04-14,0.93,0.72,1.09,0.84,0.99
NJ,2020-04-15,0.93,0.72,1.09,0.84,0.99
NJ,2020-04-16,1.01,0.81,1.18,0.93,1.08
NJ,2020-04-17,1.09,0.88,1.25,0.99,1.1400000000000001
NJ,2020-04-18,1.02,0.81,1.18,0.93,1.08
NJ,2020-04-19,1.16,0.97,1.33,1.06,1.21
NJ,2020-04-20,1.09,0.89,1.25,0.99,1.1400000000000001
NJ,2020-04-21,1.1500000000000001,0.9500000000000001,1.31,1.04,1.19
NJ,2020-04-22,1.1500000000000001,0.97,1.32,1.05,1.2
NJ,2020-04-23,1.08,0.89,1.24,0.97,1.12
NM,2020-03-28,1.97,0.14,3.6,1.1,2.66
NM,2020-03-29,1.68,0.22,2.88,0.98,2.14
NM,2020-03-30,1.5,0.25,2.52,0.9500000000000001,1.92
NM,2020-03-31,1.4000000000000001,0.3,2.35,0.91,1.78
NM,2020-04-01,1.55,0.53,2.47,1.04,1.85
NM,2020-04-02,1.6600000000000001,0.72,2.5300000000000002,1.2,1.95
NM,2020-04-03,1.83,0.92,2.61,1.45,2.14
NM,2020-04-04,1.76,0.91,2.5,1.4000000000000001,2.05
NM,2020-04-05,1.79,0.99,2.5,1.44,2.06
NM,2020-04-06,1.68,0.91,2.36,1.31,1.9100000000000001
NM,2020-04-07,1.87,1.1500000000000001,2.54,1.56,2.13
NM,2020-04-08,1.72,1.0,2.34,1.4000000000000001,1.95
NM,2020-04-09,1.6500000000000001,0.96,2.2600000000000002,1.31,1.85
NM,2020-04-10,1.41,0.71,1.99,1.07,1.6
NM,2020-04-11,1.18,0.53,1.8,0.84,1.37
NM,2020-04-12,0.9500000000000001,0.25,1.53,0.64,1.17
NM,2020-04-13,0.87,0.17,1.45,0.55,1.09
NM,2020-04-14,0.8,0.11,1.3800000000000001,0.45,1.0
NM,2020-04-15,1.07,0.35000000000000003,1.7,0.74,1.3
NM,2020-04-16,1.1400000000000001,0.43,1.77,0.78,1.34
NM,2020-04-17,1.1400000000000001,0.42,1.75,0.8,1.35
NM,2020-04-18,1.12,0.43,1.74,0.81,1.35
NM,2020-04-19,1.1,0.44,1.74,0.77,1.31
NM,2020-04-20,1.16,0.46,1.76,0.81,1.35
NM,2020-04-21,1.17,0.47000000000000003,1.76,0.85,1.3800000000000001
NM,2020-04-22,1.25,0.5700000000000001,1.84,0.9500000000000001,1.47
NM,2020-04-23,1.31,0.64,1.8900000000000001,1.03,1.54
NV,2020-03-21,2.4,0.39,4.08,1.49,3.08
NV,2020-03-22,2.37,0.9,3.62,1.72,2.84
NV,2020-03-23,2.2,1.03,3.22,1.67,2.57
NV,2020-03-24,2.31,1.33,3.19,1.83,2.6
NV,2020-03-25,2.25,1.37,3.02,1.84,2.52
NV,2020-03-26,2.21,1.43,2.93,1.84,2.46
NV,2020-03-27,2.41,1.68,3.06,2.07,2.64
NV,2020-03-28,2.35,1.69,2.96,2.0100000000000002,2.54
NV,2020-03-29,2.22,1.6,2.79,1.94,2.43
NV,2020-03-30,1.99,1.37,2.5100000000000002,1.7,2.17
NV,2020-03-31,1.6300000000000001,1.04,2.15,1.34,1.8
NV,2020-04-01,1.43,0.84,1.94,1.18,1.6300000000000001
NV,2020-04-02,1.17,0.58,1.68,0.92,1.37
NV,2020-04-03,0.93,0.35000000000000003,1.46,0.65,1.11
NV,2020-04-04,0.93,0.31,1.45,0.65,1.12
NV,2020-04-05,0.99,0.36,1.51,0.74,1.21
NV,2020-04-06,1.04,0.42,1.57,0.79,1.26
NV,2020-04-07,1.16,0.55,1.69,0.87,1.34
NV,2020-04-08,1.07,0.46,1.59,0.76,1.23
NV,2020-04-09,1.04,0.43,1.56,0.74,1.21
NV,2020-04-10,0.93,0.31,1.44,0.62,1.09
NV,2020-04-11,0.8300000000000001,0.21,1.34,0.55,1.02
NV,2020-04-12,0.74,0.12,1.24,0.42,0.9
NV,2020-04-13,0.76,0.14,1.28,0.5,0.98
NV,2020-04-14,0.91,0.27,1.45,0.62,1.11
NV,2020-04-15,0.97,0.35000000000000003,1.53,0.68,1.17
NV,2020-04-16,0.98,0.34,1.52,0.67,1.16
NV,2020-04-17,0.9500000000000001,0.34,1.51,0.63,1.12
NV,2020-04-18,0.87,0.24,1.41,0.56,1.05
NV,2020-04-19,0.81,0.17,1.34,0.52,1.01
NV,2020-04-20,0.8300000000000001,0.19,1.37,0.51,1.01
NV,2020-04-21,0.8300000000000001,0.2,1.3900000000000001,0.54,1.04
NV,2020-04-22,1.0,0.34,1.56,0.67,1.18
NV,2020-04-23,1.07,0.42,1.6300000000000001,0.77,1.27
NY,2020-03-07,1.79,0.03,3.45,0.87,2.45
NY,2020-03-08,1.75,0.25,3.0100000000000002,1.07,2.27
NY,2020-03-09,1.46,0.24,2.54,0.89,1.8900000000000001
NY,2020-03-10,2.07,0.91,3.0500000000000003,1.54,2.42
NY,2020-03-11,2.33,1.34,3.19,1.8800000000000001,2.64
NY,2020-03-12,2.82,1.98,3.58,2.43,3.09
NY,2020-03-13,3.02,2.29,3.68,2.7,3.27
NY,2020-03-14,3.64,3.02,4.21,3.35,3.84
NY,2020-03-15,3.7600000000000002,3.21,4.22,3.49,3.91
NY,2020-03-16,4.29,3.83,4.67,4.0600000000000005,4.41
NY,2020-03-17,4.61,4.24,4.92,4.43,4.71
NY,2020-03-18,4.36,4.0600000000000005,4.61,4.2,4.43
NY,2020-03-19,4.0200000000000005,3.7800000000000002,4.24,3.9,4.09
NY,2020-03-20,3.54,3.3200000000000003,3.72,3.42,3.59
NY,2020-03-21,2.86,2.65,3.0100000000000002,2.75,2.9
NY,2020-03-22,2.34,2.16,2.49,2.24,2.38
NY,2020-03-23,1.95,1.78,2.09,1.86,1.99
NY,2020-03-24,1.72,1.56,1.86,1.62,1.75
NY,2020-03-25,1.6600000000000001,1.5,1.79,1.58,1.7
NY,2020-03-26,1.56,1.4000000000000001,1.68,1.47,1.59
NY,2020-03-27,1.45,1.3,1.57,1.3900000000000001,1.5
NY,2020-03-28,1.48,1.34,1.6,1.4000000000000001,1.51
NY,2020-03-29,1.33,1.18,1.44,1.25,1.36
NY,2020-03-30,1.26,1.1300000000000001,1.3800000000000001,1.18,1.29
NY,2020-03-31,1.33,1.18,1.43,1.27,1.37
NY,2020-04-01,1.4000000000000001,1.27,1.51,1.33,1.43
NY,2020-04-02,1.32,1.19,1.43,1.25,1.35
NY,2020-04-03,1.22,1.1,1.33,1.1400000000000001,1.24
NY,2020-04-04,0.98,0.86,1.09,0.91,1.01
NY,2020-04-05,0.98,0.86,1.09,0.91,1.01
NY,2020-04-06,0.99,0.85,1.09,0.91,1.01
NY,2020-04-07,1.07,0.9500000000000001,1.18,1.0,1.1
NY,2020-04-08,1.18,1.05,1.28,1.1,1.2
NY,2020-04-09,1.16,1.03,1.26,1.08,1.18
NY,2020-04-10,0.88,0.75,0.98,0.81,0.91
NY,2020-04-11,0.66,0.52,0.76,0.59,0.6900000000000001
NY,2020-04-12,0.67,0.53,0.77,0.6,0.7000000000000001
NY,2020-04-13,0.75,0.6,0.85,0.6900000000000001,0.79
NY,2020-04-14,0.91,0.76,1.01,0.85,0.9500000000000001
NY,2020-04-15,0.98,0.84,1.09,0.92,1.02
NY,2020-04-16,0.86,0.72,0.97,0.81,0.91
NY,2020-04-17,0.6,0.45,0.71,0.52,0.63
NY,2020-04-18,0.29,0.13,0.4,0.21,0.32
NY,2020-04-19,0.08,0.0,0.22,0.0,0.1
NY,2020-04-20,0.39,0.21,0.51,0.32,0.44
NY,2020-04-21,0.66,0.49,0.79,0.56,0.6900000000000001
NY,2020-04-22,0.9,0.74,1.04,0.8,0.93
NY,2020-04-23,1.11,0.9500000000000001,1.25,1.01,1.1400000000000001
OH,2020-03-19,3.42,1.47,5.07,2.58,4.0600000000000005
OH,2020-03-20,3.2800000000000002,2.02,4.39,2.77,3.74
OH,2020-03-21,3.0300000000000002,2.06,3.9,2.57,3.33
OH,2020-03-22,2.81,1.99,3.54,2.42,3.06
OH,2020-03-23,2.58,1.84,3.22,2.22,2.79
OH,2020-03-24,2.52,1.84,3.1,2.2,2.72
OH,2020-03-25,2.46,1.85,3.0100000000000002,2.16,2.64
OH,2020-03-26,2.35,1.76,2.85,2.07,2.52
OH,2020-03-27,2.24,1.71,2.73,2.0,2.42
OH,2020-03-28,2.0,1.47,2.45,1.77,2.17
OH,2020-03-29,1.81,1.29,2.24,1.57,1.96
OH,2020-03-30,1.6600000000000001,1.18,2.1,1.43,1.81
OH,2020-03-31,1.59,1.12,2.02,1.3800000000000001,1.75
OH,2020-04-01,1.59,1.1300000000000001,2.0100000000000002,1.34,1.71
OH,2020-04-02,1.52,1.07,1.93,1.28,1.6400000000000001
OH,2020-04-03,1.42,0.96,1.81,1.2,1.55
OH,2020-04-04,1.27,0.81,1.6500000000000001,1.04,1.3900000000000001
OH,2020-04-05,1.11,0.65,1.49,0.87,1.22
OH,2020-04-06,1.0,0.55,1.3900000000000001,0.77,1.12
OH,2020-04-07,0.92,0.46,1.31,0.71,1.06
OH,2020-04-08,0.91,0.48,1.33,0.71,1.06
OH,2020-04-09,0.99,0.52,1.3800000000000001,0.8,1.1500000000000001
OH,2020-04-10,0.99,0.56,1.41,0.79,1.1400000000000001
OH,2020-04-11,0.9400000000000001,0.47000000000000003,1.33,0.74,1.09
OH,2020-04-12,1.08,0.65,1.5,0.88,1.23
OH,2020-04-13,1.28,0.8300000000000001,1.67,1.05,1.4000000000000001
OH,2020-04-14,1.43,0.99,1.81,1.21,1.55
OH,2020-04-15,1.86,1.45,2.23,1.68,2.0
OH,2020-04-16,2.27,1.87,2.6,2.08,2.38
OH,2020-04-17,2.43,2.06,2.73,2.24,2.52
OH,2020-04-18,2.22,1.8900000000000001,2.5100000000000002,2.05,2.31
OH,2020-04-19,1.61,1.29,1.8900000000000001,1.45,1.7
OH,2020-04-20,1.05,0.71,1.32,0.89,1.1400000000000001
OH,2020-04-21,0.63,0.31,0.93,0.46,0.72
OH,2020-04-22,0.18,0.0,0.47000000000000003,0.03,0.25
OH,2020-04-23,0.0,0.0,0.36,0.0,0.13
OK,2020-03-24,3.74,1.72,5.51,2.85,4.41
OK,2020-03-25,3.36,2.0300000000000002,4.53,2.75,3.7800000000000002
OK,2020-03-26,2.7600000000000002,1.71,3.69,2.33,3.14
OK,2020-03-27,2.29,1.37,3.09,1.85,2.56
OK,2020-03-28,1.95,1.11,2.69,1.56,2.21
OK,2020-03-29,1.82,1.01,2.5100000000000002,1.43,2.05
OK,2020-03-30,1.9100000000000001,1.1400000000000001,2.57,1.55,2.14
OK,2020-03-31,2.02,1.33,2.68,1.68,2.24
OK,2020-04-01,2.12,1.44,2.72,1.79,2.32
OK,2020-04-02,1.94,1.31,2.52,1.6400000000000001,2.14
OK,2020-04-03,1.6500000000000001,1.01,2.19,1.33,1.82
OK,2020-04-04,1.37,0.74,1.9100000000000001,1.09,1.57
OK,2020-04-05,1.03,0.42,1.59,0.71,1.2
OK,2020-04-06,0.93,0.29,1.48,0.6,1.1
OK,2020-04-07,0.9,0.25,1.46,0.64,1.1400000000000001
OK,2020-04-08,0.87,0.2,1.42,0.56,1.07
OK,2020-04-09,0.9400000000000001,0.27,1.51,0.61,1.1300000000000001
OK,2020-04-10,0.9400000000000001,0.27,1.51,0.61,1.1300000000000001
OK,2020-04-11,0.87,0.2,1.43,0.54,1.06
OK,2020-04-12,0.88,0.21,1.45,0.58,1.1
OK,2020-04-13,0.8200000000000001,0.16,1.3900000000000001,0.53,1.05
OK,2020-04-14,0.87,0.2,1.45,0.54,1.07
OK,2020-04-15,0.9400000000000001,0.27,1.54,0.64,1.17
OK,2020-04-16,0.85,0.17,1.42,0.52,1.05
OK,2020-04-17,0.77,0.1,1.33,0.44,0.97
OK,2020-04-18,0.75,0.09,1.32,0.46,0.99
OK,2020-04-19,0.79,0.1,1.36,0.47000000000000003,1.01
OK,2020-04-20,0.9400000000000001,0.23,1.54,0.61,1.16
OK,2020-04-21,1.04,0.34,1.6600000000000001,0.71,1.26
OK,2020-04-22,1.16,0.46,1.77,0.84,1.3800000000000001
OK,2020-04-23,1.3,0.63,1.9100000000000001,0.97,1.5
OR,2020-03-24,2.71,0.77,4.43,1.92,3.45
OR,2020-03-25,2.85,1.5,4.0200000000000005,2.33,3.36
OR,2020-03-26,2.66,1.6,3.58,2.22,3.0300000000000002
OR,2020-03-27,2.36,1.44,3.14,1.93,2.63
OR,2020-03-28,2.06,1.24,2.7800000000000002,1.71,2.34
OR,2020-03-29,1.71,0.97,2.42,1.35,1.95
OR,2020-03-30,1.43,0.68,2.1,1.05,1.6400000000000001
OR,2020-03-31,1.31,0.5700000000000001,1.98,0.98,1.56
OR,2020-04-01,1.31,0.59,1.99,0.9500000000000001,1.53
OR,2020-04-02,1.3,0.58,1.97,0.99,1.56
OR,2020-04-03,1.27,0.54,1.92,0.92,1.49
OR,2020-04-04,1.17,0.44,1.81,0.81,1.3800000000000001
OR,2020-04-05,1.05,0.34,1.7,0.6900000000000001,1.26
OR,2020-04-06,0.9,0.2,1.54,0.56,1.1300000000000001
OR,2020-04-07,0.72,0.07,1.34,0.41000000000000003,0.97
OR,2020-04-08,0.55,0.0,1.18,0.22,0.76
OR,2020-04-09,0.73,0.04,1.36,0.43,1.01
OR,2020-04-10,0.91,0.14,1.56,0.54,1.1500000000000001
OR,2020-04-11,1.07,0.3,1.76,0.73,1.34
OR,2020-04-12,1.11,0.33,1.78,0.78,1.3800000000000001
OR,2020-04-13,1.05,0.27,1.7,0.67,1.27
OR,2020-04-14,0.9500000000000001,0.19,1.59,0.61,1.2
OR,2020-04-15,0.81,0.07,1.42,0.43,1.02
OR,2020-04-16,0.68,0.02,1.3,0.31,0.89
OR,2020-04-17,0.77,0.07,1.42,0.39,0.99
OR,2020-04-18,0.84,0.1,1.5,0.48,1.09
OR,2020-04-19,0.87,0.1,1.52,0.47000000000000003,1.09
OR,2020-04-20,0.86,0.11,1.52,0.46,1.08
OR,2020-04-21,0.88,0.1,1.53,0.5,1.12
OR,2020-04-22,0.93,0.15,1.6,0.58,1.2
OR,2020-04-23,0.97,0.19,1.6500000000000001,0.63,1.25
PA,2020-03-18,3.7600000000000002,1.9000000000000001,5.42,2.91,4.36
PA,2020-03-19,3.43,2.21,4.5200000000000005,2.88,3.83
PA,2020-03-20,3.24,2.31,4.09,2.84,3.5700000000000003
PA,2020-03-21,3.1,2.32,3.8000000000000003,2.74,3.35
PA,2020-03-22,2.98,2.29,3.58,2.67,3.2
PA,2020-03-23,3.18,2.56,3.7,2.89,3.36
PA,2020-03-24,3.18,2.66,3.66,2.96,3.37
PA,2020-03-25,3.0300000000000002,2.54,3.44,2.81,3.18
PA,2020-03-26,2.79,2.35,3.17,2.57,2.91
PA,2020-03-27,2.44,2.05,2.81,2.22,2.54
PA,2020-03-28,2.12,1.72,2.45,1.93,2.23
PA,2020-03-29,1.94,1.56,2.2600000000000002,1.76,2.05
PA,2020-03-30,1.9000000000000001,1.55,2.22,1.72,2.0
PA,2020-03-31,2.02,1.67,2.31,1.8800000000000001,2.14
PA,2020-04-01,2.12,1.8,2.4,1.96,2.21
PA,2020-04-02,2.05,1.77,2.33,1.93,2.16
PA,2020-04-03,1.87,1.57,2.11,1.74,1.96
PA,2020-04-04,1.6500000000000001,1.37,1.8900000000000001,1.49,1.71
PA,2020-04-05,1.43,1.16,1.67,1.3,1.51
PA,2020-04-06,1.35,1.08,1.58,1.21,1.42
PA,2020-04-07,1.29,1.04,1.53,1.1400000000000001,1.35
PA,2020-04-08,1.25,0.98,1.47,1.1300000000000001,1.33
PA,2020-04-09,1.09,0.8200000000000001,1.31,0.97,1.17
PA,2020-04-10,0.91,0.64,1.1300000000000001,0.79,0.99
PA,2020-04-11,0.66,0.39,0.89,0.51,0.72
PA,2020-04-12,0.48,0.19,0.71,0.37,0.58
PA,2020-04-13,0.43,0.14,0.67,0.29,0.51
PA,2020-04-14,0.68,0.38,0.93,0.53,0.76
PA,2020-04-15,0.99,0.71,1.25,0.8300000000000001,1.06
PA,2020-04-16,1.2,0.93,1.46,1.06,1.28
PA,2020-04-17,1.12,0.8200000000000001,1.35,0.97,1.19
PA,2020-04-18,1.01,0.72,1.25,0.87,1.09
PA,2020-04-19,0.64,0.35000000000000003,0.89,0.52,0.74
PA,2020-04-20,0.6,0.29,0.85,0.45,0.68
PA,2020-04-21,0.56,0.25,0.8200000000000001,0.4,0.64
PA,2020-04-22,0.74,0.42,1.0,0.58,0.8200000000000001
PA,2020-04-23,1.03,0.7000000000000001,1.28,0.87,1.11
RI,2020-03-27,3.14,1.17,4.87,2.2800000000000002,3.81
RI,2020-03-28,3.09,1.81,4.28,2.48,3.5
RI,2020-03-29,2.81,1.77,3.71,2.33,3.13
RI,2020-03-30,2.54,1.67,3.3200000000000003,2.14,2.82
RI,2020-03-31,2.16,1.3800000000000001,2.87,1.84,2.45
RI,2020-04-01,1.87,1.11,2.52,1.52,2.1
RI,2020-04-02,1.6600000000000001,0.9400000000000001,2.3000000000000003,1.32,1.8800000000000001
RI,2020-04-03,1.6,0.9,2.23,1.26,1.81
RI,2020-04-04,1.69,0.99,2.29,1.41,1.94
RI,2020-04-05,1.8800000000000001,1.21,2.46,1.61,2.12
RI,2020-04-06,2.09,1.47,2.65,1.78,2.27
RI,2020-04-07,2.22,1.62,2.73,1.92,2.38
RI,2020-04-08,2.23,1.67,2.71,1.96,2.39
RI,2020-04-09,2.13,1.6,2.58,1.9000000000000001,2.3000000000000003
RI,2020-04-10,1.95,1.46,2.39,1.69,2.08
RI,2020-04-11,1.7,1.21,2.12,1.5,1.87
RI,2020-04-12,1.43,0.97,1.86,1.2,1.57
RI,2020-04-13,1.21,0.74,1.6300000000000001,0.98,1.35
RI,2020-04-14,1.1,0.61,1.51,0.87,1.24
RI,2020-04-15,1.05,0.5700000000000001,1.47,0.8300000000000001,1.2
RI,2020-04-16,1.01,0.53,1.43,0.79,1.16
RI,2020-04-17,1.05,0.5700000000000001,1.47,0.8300000000000001,1.2
RI,2020-04-18,1.1300000000000001,0.64,1.54,0.9,1.27
RI,2020-04-19,1.17,0.6900000000000001,1.58,0.93,1.3
RI,2020-04-20,1.27,0.8300000000000001,1.7,1.05,1.41
RI,2020-04-21,1.29,0.8200000000000001,1.68,1.04,1.4000000000000001
RI,2020-04-22,1.29,0.8200000000000001,1.67,1.07,1.42
RI,2020-04-23,1.29,0.8300000000000001,1.67,1.06,1.41
SC,2020-03-21,2.44,0.63,4.01,1.6400000000000001,3.06
SC,2020-03-22,2.5300000000000002,1.24,3.62,1.94,2.92
SC,2020-03-23,2.19,1.16,3.08,1.72,2.5100000000000002
SC,2020-03-24,1.7,0.79,2.5,1.31,2.0100000000000002
SC,2020-03-25,1.43,0.5700000000000001,2.18,1.05,1.71
SC,2020-03-26,1.6300000000000001,0.8,2.34,1.27,1.9000000000000001
SC,2020-03-27,1.84,1.06,2.52,1.48,2.08
SC,2020-03-28,2.25,1.52,2.88,1.9100000000000001,2.47
SC,2020-03-29,2.36,1.69,2.94,2.02,2.54
SC,2020-03-30,2.4,1.81,2.96,2.09,2.57
SC,2020-03-31,2.0,1.41,2.5,1.72,2.17
SC,2020-04-01,1.8,1.22,2.2800000000000002,1.51,1.95
SC,2020-04-02,1.45,0.9,1.94,1.19,1.62
SC,2020-04-03,1.1400000000000001,0.5700000000000001,1.62,0.88,1.31
SC,2020-04-04,1.1300000000000001,0.56,1.62,0.85,1.29
SC,2020-04-05,1.02,0.47000000000000003,1.53,0.75,1.19
SC,2020-04-06,1.06,0.48,1.55,0.79,1.23
SC,2020-04-07,1.36,0.8200000000000001,1.87,1.07,1.51
SC,2020-04-08,1.23,0.6900000000000001,1.72,0.9500000000000001,1.3800000000000001
SC,2020-04-09,1.19,0.66,1.68,0.9500000000000001,1.37
SC,2020-04-10,0.92,0.36,1.3900000000000001,0.6900000000000001,1.11
SC,2020-04-11,0.53,0.02,0.96,0.24,0.66
SC,2020-04-12,0.37,0.0,0.84,0.11,0.5
SC,2020-04-13,0.18,0.0,0.6900000000000001,0.0,0.3
SC,2020-04-14,0.35000000000000003,0.0,0.84,0.13,0.51
SC,2020-04-15,0.88,0.27,1.44,0.6,1.09
SC,2020-04-16,1.29,0.64,1.82,1.03,1.51
SC,2020-04-17,1.41,0.8,1.93,1.16,1.62
SC,2020-04-18,1.09,0.52,1.62,0.79,1.25
SC,2020-04-19,1.03,0.42,1.53,0.73,1.19
SC,2020-04-20,0.9500000000000001,0.36,1.47,0.67,1.1300000000000001
SC,2020-04-21,0.87,0.3,1.41,0.61,1.07
SC,2020-04-22,1.01,0.41000000000000003,1.54,0.71,1.18
SC,2020-04-23,1.32,0.74,1.85,1.03,1.49
SD,2020-04-04,1.74,0.04,3.35,0.8300000000000001,2.36
SD,2020-04-05,1.92,0.41000000000000003,3.17,1.23,2.4
SD,2020-04-06,1.92,0.71,3.02,1.34,2.3000000000000003
SD,2020-04-07,2.1,1.03,3.02,1.59,2.41
SD,2020-04-08,2.12,1.17,2.93,1.71,2.43
SD,2020-04-09,2.15,1.32,2.91,1.74,2.4
SD,2020-04-10,2.17,1.3800000000000001,2.85,1.86,2.46
SD,2020-04-11,2.12,1.4000000000000001,2.77,1.76,2.33
SD,2020-04-12,2.09,1.42,2.71,1.79,2.32
SD,2020-04-13,2.0,1.35,2.58,1.68,2.19
SD,2020-04-14,1.8,1.1500000000000001,2.34,1.49,1.98
SD,2020-04-15,1.6,0.98,2.14,1.3,1.78
SD,2020-04-16,1.32,0.71,1.86,1.07,1.54
SD,2020-04-17,1.02,0.4,1.56,0.72,1.2
SD,2020-04-18,0.75,0.15,1.29,0.43,0.92
SD,2020-04-19,0.52,0.0,1.04,0.23,0.7000000000000001
SD,2020-04-20,0.45,0.0,1.0,0.17,0.63
SD,2020-04-21,0.53,0.0,1.09,0.23,0.72
SD,2020-04-22,0.64,0.03,1.21,0.32,0.84
SD,2020-04-23,0.8300000000000001,0.15,1.43,0.49,1.04
TN,2020-03-18,4.36,2.44,6.01,3.48,4.95
TN,2020-03-19,4.03,2.81,5.09,3.46,4.4
TN,2020-03-20,3.5300000000000002,2.6,4.34,3.08,3.8000000000000003
TN,2020-03-21,2.91,2.13,3.6,2.52,3.13
TN,2020-03-22,2.39,1.69,3.02,2.06,2.61
TN,2020-03-23,2.0100000000000002,1.35,2.61,1.7,2.22
TN,2020-03-24,1.8900000000000001,1.24,2.46,1.6,2.1
TN,2020-03-25,1.84,1.22,2.4,1.53,2.02
TN,2020-03-26,1.87,1.26,2.4,1.58,2.05
TN,2020-03-27,1.94,1.37,2.46,1.67,2.12
TN,2020-03-28,2.04,1.49,2.5300000000000002,1.77,2.2
TN,2020-03-29,2.11,1.6,2.58,1.85,2.2600000000000002
TN,2020-03-30,1.95,1.43,2.37,1.69,2.08
TN,2020-03-31,1.69,1.2,2.11,1.49,1.86
TN,2020-04-01,1.3900000000000001,0.9400000000000001,1.83,1.16,1.53
TN,2020-04-02,1.11,0.62,1.52,0.88,1.25
TN,2020-04-03,0.8,0.32,1.23,0.55,0.93
TN,2020-04-04,0.74,0.26,1.19,0.49,0.88
TN,2020-04-05,0.76,0.26,1.21,0.5,0.9
TN,2020-04-06,0.97,0.47000000000000003,1.43,0.71,1.11
TN,2020-04-07,0.99,0.47000000000000003,1.43,0.79,1.18
TN,2020-04-08,0.97,0.47000000000000003,1.42,0.75,1.1400000000000001
TN,2020-04-09,0.89,0.36,1.32,0.62,1.02
TN,2020-04-10,0.9500000000000001,0.44,1.4000000000000001,0.6900000000000001,1.09
TN,2020-04-11,0.87,0.34,1.31,0.62,1.02
TN,2020-04-12,0.93,0.42,1.3900000000000001,0.7000000000000001,1.1
TN,2020-04-13,0.91,0.41000000000000003,1.3800000000000001,0.68,1.08
TN,2020-04-14,1.0,0.46,1.44,0.76,1.16
TN,2020-04-15,0.96,0.45,1.42,0.72,1.12
TN,2020-04-16,1.04,0.52,1.49,0.8,1.2
TN,2020-04-17,0.96,0.44,1.41,0.72,1.12
TN,2020-04-18,0.9,0.36,1.34,0.67,1.07
TN,2020-04-19,1.01,0.49,1.47,0.8,1.2
TN,2020-04-20,1.25,0.72,1.69,1.0,1.4000000000000001
TN,2020-04-21,1.37,0.87,1.81,1.1300000000000001,1.52
TN,2020-04-22,1.59,1.1,2.0100000000000002,1.34,1.72
TN,2020-04-23,1.61,1.1300000000000001,2.0100000000000002,1.4000000000000001,1.76
TX,2020-03-19,3.23,1.36,4.83,2.4,3.83
TX,2020-03-20,2.62,1.3900000000000001,3.77,2.05,3.0300000000000002
TX,2020-03-21,2.11,1.1,3.0500000000000003,1.67,2.47
TX,2020-03-22,3.0,2.12,3.75,2.6,3.27
TX,2020-03-23,3.5700000000000003,2.84,4.19,3.2800000000000002,3.83
TX,2020-03-24,3.72,3.13,4.25,3.45,3.91
TX,2020-03-25,3.34,2.82,3.79,3.09,3.49
TX,2020-03-26,2.87,2.39,3.27,2.66,3.02
TX,2020-03-27,2.21,1.76,2.59,2.0100000000000002,2.35
TX,2020-03-28,1.71,1.26,2.08,1.49,1.83
TX,2020-03-29,1.47,1.04,1.85,1.24,1.58
TX,2020-03-30,1.58,1.1400000000000001,1.94,1.37,1.7
TX,2020-03-31,1.74,1.33,2.1,1.54,1.86
TX,2020-04-01,1.84,1.43,2.17,1.68,1.98
TX,2020-04-02,1.73,1.34,2.05,1.56,1.85
TX,2020-04-03,1.49,1.12,1.81,1.29,1.58
TX,2020-04-04,1.3900000000000001,1.02,1.7,1.21,1.49
TX,2020-04-05,1.34,0.97,1.6400000000000001,1.1500000000000001,1.43
TX,2020-04-06,1.3900000000000001,1.03,1.69,1.23,1.5
TX,2020-04-07,1.67,1.31,1.95,1.52,1.78
TX,2020-04-08,1.6300000000000001,1.3,1.9100000000000001,1.48,1.73
TX,2020-04-09,1.51,1.2,1.79,1.34,1.59
TX,2020-04-10,1.1500000000000001,0.8300000000000001,1.42,1.02,1.26
TX,2020-04-11,0.72,0.4,1.0,0.56,0.81
TX,2020-04-12,0.48,0.13,0.75,0.3,0.56
TX,2020-04-13,0.52,0.18,0.8200000000000001,0.34,0.61
TX,2020-04-14,0.66,0.3,0.96,0.5,0.77
TX,2020-04-15,1.07,0.73,1.3800000000000001,0.9,1.17
TX,2020-04-16,1.1500000000000001,0.81,1.45,0.97,1.24
TX,2020-04-17,1.08,0.73,1.37,0.93,1.19
TX,2020-04-18,0.8300000000000001,0.49,1.1300000000000001,0.64,0.91
TX,2020-04-19,0.7000000000000001,0.37,1.02,0.54,0.81
TX,2020-04-20,0.76,0.39,1.06,0.5700000000000001,0.85
TX,2020-04-21,0.93,0.5700000000000001,1.24,0.74,1.02
TX,2020-04-22,1.11,0.75,1.41,0.9500000000000001,1.22
TX,2020-04-23,1.26,0.9,1.55,1.08,1.35
UT,2020-03-21,2.7600000000000002,0.74,4.46,1.84,3.4
UT,2020-03-22,2.47,1.07,3.69,1.83,2.91
UT,2020-03-23,2.23,1.1300000000000001,3.24,1.72,2.59
UT,2020-03-24,1.99,1.02,2.86,1.53,2.29
UT,2020-03-25,1.99,1.09,2.7600000000000002,1.56,2.25
UT,2020-03-26,2.0100000000000002,1.2,2.74,1.67,2.3000000000000003
UT,2020-03-27,1.98,1.24,2.68,1.68,2.27
UT,2020-03-28,1.93,1.2,2.57,1.62,2.18
UT,2020-03-29,1.82,1.1300000000000001,2.44,1.5,2.04
UT,2020-03-30,1.56,0.87,2.15,1.22,1.75
UT,2020-03-31,1.45,0.79,2.05,1.1400000000000001,1.6600000000000001
UT,2020-04-01,1.45,0.78,2.0300000000000002,1.18,1.69
UT,2020-04-02,1.58,0.9400000000000001,2.16,1.31,1.81
UT,2020-04-03,1.59,0.9500000000000001,2.14,1.29,1.78
UT,2020-04-04,1.42,0.8,1.96,1.12,1.6
UT,2020-04-05,1.1500000000000001,0.52,1.68,0.85,1.33
UT,2020-04-06,0.9400000000000001,0.34,1.5,0.66,1.1400000000000001
UT,2020-04-07,0.75,0.11,1.26,0.44,0.93
UT,2020-04-08,0.75,0.12,1.29,0.45,0.9500000000000001
UT,2020-04-09,0.8200000000000001,0.16,1.37,0.52,1.03
UT,2020-04-10,0.89,0.23,1.46,0.56,1.08
UT,2020-04-11,0.79,0.13,1.34,0.45,0.97
UT,2020-04-12,0.66,0.04,1.2,0.34,0.85
UT,2020-04-13,0.68,0.04,1.22,0.34,0.86
UT,2020-04-14,0.85,0.16,1.43,0.52,1.06
UT,2020-04-15,1.12,0.42,1.72,0.78,1.32
UT,2020-04-16,1.31,0.62,1.8900000000000001,1.01,1.53
UT,2020-04-17,1.42,0.8,2.02,1.16,1.6600000000000001
UT,2020-04-18,1.33,0.71,1.9000000000000001,1.04,1.53
UT,2020-04-19,1.22,0.58,1.76,0.9,1.3900000000000001
UT,2020-04-20,1.16,0.55,1.72,0.9,1.3800000000000001
UT,2020-04-21,1.1400000000000001,0.52,1.69,0.86,1.34
UT,2020-04-22,1.16,0.5700000000000001,1.73,0.87,1.35
UT,2020-04-23,1.19,0.61,1.76,0.89,1.37
VA,2020-03-21,2.56,0.58,4.2700000000000005,1.72,3.2800000000000002
VA,2020-03-22,2.58,1.22,3.84,1.95,3.0300000000000002
VA,2020-03-23,2.4,1.28,3.37,1.8900000000000001,2.75
VA,2020-03-24,2.42,1.49,3.2600000000000002,1.99,2.72
VA,2020-03-25,2.44,1.6300000000000001,3.19,2.09,2.73
VA,2020-03-26,2.44,1.7,3.11,2.1,2.68
VA,2020-03-27,2.34,1.6500000000000001,2.95,2.0,2.54
VA,2020-03-28,2.2600000000000002,1.6,2.82,1.96,2.46
VA,2020-03-29,2.11,1.5,2.65,1.86,2.33
VA,2020-03-30,2.04,1.45,2.5500000000000003,1.79,2.24
VA,2020-03-31,1.98,1.43,2.48,1.75,2.18
VA,2020-04-01,2.02,1.47,2.48,1.74,2.16
VA,2020-04-02,1.8900000000000001,1.3900000000000001,2.35,1.6400000000000001,2.04
VA,2020-04-03,1.72,1.23,2.16,1.53,1.9100000000000001
VA,2020-04-04,1.6,1.11,2.02,1.35,1.73
VA,2020-04-05,1.44,0.9400000000000001,1.84,1.21,1.58
VA,2020-04-06,1.41,0.9500000000000001,1.83,1.16,1.53
VA,2020-04-07,1.42,0.9500000000000001,1.82,1.19,1.55
VA,2020-04-08,1.53,1.07,1.92,1.31,1.6600000000000001
VA,2020-04-09,1.44,0.99,1.82,1.24,1.58
VA,2020-04-10,1.37,0.9500000000000001,1.76,1.1500000000000001,1.49
VA,2020-04-11,1.16,0.72,1.53,0.98,1.31
VA,2020-04-12,1.03,0.6,1.41,0.8,1.1400000000000001
VA,2020-04-13,0.92,0.47000000000000003,1.29,0.7000000000000001,1.04
VA,2020-04-14,1.0,0.5700000000000001,1.3900000000000001,0.79,1.1300000000000001
VA,2020-04-15,1.1500000000000001,0.7000000000000001,1.52,0.93,1.27
VA,2020-04-16,1.3900000000000001,0.96,1.76,1.18,1.51
VA,2020-04-17,1.36,0.93,1.71,1.16,1.48
VA,2020-04-18,1.27,0.85,1.62,1.06,1.3800000000000001
VA,2020-04-19,0.9,0.49,1.26,0.6900000000000001,1.01
VA,2020-04-20,1.05,0.62,1.4000000000000001,0.85,1.17
VA,2020-04-21,1.01,0.58,1.36,0.8200000000000001,1.1400000000000001
VA,2020-04-22,1.25,0.8300000000000001,1.6,1.04,1.36
VA,2020-04-23,1.57,1.18,1.92,1.36,1.67
VT,2020-03-26,1.26,0.0,3.0100000000000002,0.32,1.74
VT,2020-03-27,1.09,0.0,2.36,0.38,1.48
VT,2020-03-28,1.03,0.02,2.11,0.44,1.4000000000000001
VT,2020-03-29,1.01,0.05,1.99,0.5,1.3800000000000001
VT,2020-03-30,0.92,0.0,1.81,0.43,1.25
VT,2020-03-31,1.05,0.07,1.9100000000000001,0.54,1.36
VT,2020-04-01,1.3,0.26,2.17,0.8300000000000001,1.6400000000000001
VT,2020-04-02,1.46,0.45,2.32,1.07,1.84
VT,2020-04-03,1.56,0.6,2.39,1.1,1.84
VT,2020-04-04,1.54,0.62,2.33,1.1400000000000001,1.84
VT,2020-04-05,1.37,0.51,2.16,0.98,1.6600000000000001
VT,2020-04-06,1.1400000000000001,0.26,1.87,0.77,1.44
VT,2020-04-07,0.96,0.11,1.6600000000000001,0.56,1.23
VT,2020-04-08,0.84,0.04,1.53,0.49,1.1500000000000001
VT,2020-04-09,0.76,0.0,1.46,0.36,1.02
VT,2020-04-10,0.73,0.0,1.46,0.35000000000000003,1.01
VT,2020-04-11,0.61,0.0,1.3900000000000001,0.22,0.86
VT,2020-04-12,0.43,0.0,1.26,0.14,0.71
VT,2020-04-13,0.33,0.0,1.1500000000000001,0.04,0.55
VT,2020-04-14,0.26,0.0,1.03,0.0,0.44
VT,2020-04-15,0.3,0.0,1.08,0.02,0.49
VT,2020-04-16,0.35000000000000003,0.0,1.17,0.06,0.5700000000000001
VT,2020-04-17,0.39,0.0,1.24,0.06,0.61
VT,2020-04-18,0.42,0.0,1.31,0.09,0.67
VT,2020-04-19,0.41000000000000003,0.0,1.33,0.07,0.66
VT,2020-04-20,0.37,0.0,1.3,0.05,0.62
VT,2020-04-21,0.35000000000000003,0.0,1.27,0.05,0.6
VT,2020-04-22,0.33,0.0,1.24,0.05,0.58
VT,2020-04-23,0.34,0.0,1.27,0.04,0.58
WA,2020-03-06,3.19,1.28,4.86,2.32,3.8000000000000003
WA,2020-03-07,2.73,1.41,3.86,2.12,3.13
WA,2020-03-08,2.5300000000000002,1.49,3.44,2.07,2.87
WA,2020-03-09,2.25,1.34,3.0300000000000002,1.8800000000000001,2.57
WA,2020-03-10,2.12,1.3,2.83,1.74,2.37
WA,2020-03-11,2.0100000000000002,1.27,2.69,1.6400000000000001,2.23
WA,2020-03-12,1.96,1.23,2.58,1.6,2.16
WA,2020-03-13,1.87,1.18,2.47,1.56,2.09
WA,2020-03-14,1.87,1.21,2.45,1.56,2.07
WA,2020-03-15,1.79,1.18,2.37,1.51,2.0
WA,2020-03-16,1.71,1.09,2.25,1.41,1.8900000000000001
WA,2020-03-17,1.67,1.06,2.19,1.36,1.83
WA,2020-03-18,1.69,1.1400000000000001,2.23,1.43,1.8800000000000001
WA,2020-03-19,1.69,1.1300000000000001,2.19,1.41,1.85
WA,2020-03-20,1.6400000000000001,1.09,2.12,1.35,1.78
WA,2020-03-21,1.67,1.1300000000000001,2.13,1.43,1.84
WA,2020-03-22,1.78,1.25,2.22,1.52,1.92
WA,2020-03-23,1.93,1.44,2.36,1.69,2.07
WA,2020-03-24,1.97,1.49,2.37,1.76,2.12
WA,2020-03-25,1.9100000000000001,1.48,2.31,1.74,2.08
WA,2020-03-26,1.7,1.25,2.06,1.51,1.84
WA,2020-03-27,1.47,1.05,1.84,1.25,1.58
WA,2020-03-28,1.22,0.78,1.57,0.99,1.32
WA,2020-03-29,1.09,0.66,1.45,0.87,1.2
WA,2020-03-30,1.01,0.6,1.3900000000000001,0.79,1.12
WA,2020-03-31,1.04,0.6,1.4000000000000001,0.8200000000000001,1.1500000000000001
WA,2020-04-01,1.01,0.61,1.4000000000000001,0.8,1.1300000000000001
WA,2020-04-02,0.96,0.52,1.32,0.75,1.08
WA,2020-04-03,0.86,0.44,1.24,0.66,0.99
WA,2020-04-04,0.76,0.35000000000000003,1.16,0.54,0.88
WA,2020-04-05,0.6900000000000001,0.24,1.07,0.5,0.84
WA,2020-04-06,0.67,0.22,1.06,0.45,0.8
WA,2020-04-07,0.7000000000000001,0.27,1.12,0.46,0.8200000000000001
WA,2020-04-08,0.73,0.26,1.1300000000000001,0.51,0.87
WA,2020-04-09,0.73,0.24,1.12,0.52,0.88
WA,2020-04-10,0.63,0.19,1.06,0.39,0.76
WA,2020-04-11,0.49,0.02,0.86,0.28,0.64
WA,2020-04-12,0.43,0.01,0.8200000000000001,0.21,0.5700000000000001
WA,2020-04-13,0.49,0.04,0.9,0.24,0.62
WA,2020-04-14,0.66,0.16,1.11,0.43,0.8300000000000001
WA,2020-04-15,0.9400000000000001,0.42,1.4000000000000001,0.67,1.08
WA,2020-04-16,1.07,0.58,1.54,0.8200000000000001,1.22
WA,2020-04-17,1.04,0.54,1.49,0.8200000000000001,1.21
WA,2020-04-18,0.93,0.43,1.3800000000000001,0.71,1.1
WA,2020-04-19,0.59,0.1,1.02,0.37,0.76
WA,2020-04-20,0.23,0.0,0.6900000000000001,0.01,0.33
WA,2020-04-21,0.02,0.0,0.52,0.0,0.2
WA,2020-04-22,0.0,0.0,0.47000000000000003,0.0,0.17
WA,2020-04-23,0.0,0.0,0.44,0.0,0.16
WI,2020-03-18,3.2800000000000002,1.23,5.04,2.44,4.01
WI,2020-03-19,3.12,1.74,4.29,2.49,3.54
WI,2020-03-20,2.71,1.6300000000000001,3.64,2.2,3.0300000000000002
WI,2020-03-21,2.29,1.41,3.14,1.9100000000000001,2.62
WI,2020-03-22,2.05,1.21,2.79,1.6600000000000001,2.31
WI,2020-03-23,1.9100000000000001,1.1400000000000001,2.62,1.55,2.16
WI,2020-03-24,1.93,1.18,2.59,1.59,2.17
WI,2020-03-25,1.98,1.27,2.61,1.6600000000000001,2.21
WI,2020-03-26,1.96,1.27,2.5500000000000003,1.6300000000000001,2.16
WI,2020-03-27,1.87,1.24,2.46,1.61,2.11
WI,2020-03-28,1.6600000000000001,1.02,2.21,1.36,1.85
WI,2020-03-29,1.51,0.87,2.04,1.22,1.7
WI,2020-03-30,1.44,0.8300000000000001,1.98,1.1300000000000001,1.61
WI,2020-03-31,1.47,0.85,1.99,1.18,1.6500000000000001
WI,2020-04-01,1.51,0.93,2.04,1.22,1.68
WI,2020-04-02,1.47,0.89,1.98,1.19,1.6400000000000001
WI,2020-04-03,1.3800000000000001,0.81,1.8800000000000001,1.12,1.56
WI,2020-04-04,1.21,0.64,1.7,0.93,1.37
WI,2020-04-05,1.05,0.51,1.57,0.78,1.22
WI,2020-04-06,0.93,0.37,1.44,0.6900000000000001,1.1300000000000001
WI,2020-04-07,0.89,0.29,1.3800000000000001,0.61,1.06
WI,2020-04-08,0.86,0.3,1.3900000000000001,0.56,1.02
WI,2020-04-09,0.87,0.27,1.3800000000000001,0.59,1.05
WI,2020-04-10,0.8,0.22,1.32,0.53,0.99
WI,2020-04-11,0.73,0.16,1.25,0.42,0.89
WI,2020-04-12,0.68,0.1,1.19,0.39,0.86
WI,2020-04-13,0.76,0.16,1.29,0.47000000000000003,0.9500000000000001
WI,2020-04-14,0.89,0.25,1.42,0.58,1.07
WI,2020-04-15,1.07,0.44,1.61,0.79,1.27
WI,2020-04-16,1.18,0.56,1.71,0.91,1.3800000000000001
WI,2020-04-17,1.2,0.58,1.71,0.9500000000000001,1.41
WI,2020-04-18,1.09,0.48,1.6,0.81,1.27
WI,2020-04-19,1.07,0.5,1.61,0.79,1.25
WI,2020-04-20,1.1300000000000001,0.53,1.6400000000000001,0.84,1.3
WI,2020-04-21,1.19,0.6,1.7,0.93,1.3800000000000001
WI,2020-04-22,1.27,0.7000000000000001,1.78,0.98,1.43
WI,2020-04-23,1.33,0.77,1.83,1.05,1.49
WV,2020-04-02,1.5,0.0,3.14,0.5700000000000001,2.05
WV,2020-04-03,1.48,0.12,2.69,0.76,1.92
WV,2020-04-04,1.54,0.29,2.6,0.98,1.97
WV,2020-04-05,1.61,0.48,2.59,1.09,1.97
WV,2020-04-06,1.68,0.66,2.59,1.19,1.99
WV,2020-04-07,1.6600000000000001,0.71,2.5,1.2,1.94
WV,2020-04-08,1.49,0.5700000000000001,2.27,1.06,1.76
WV,2020-04-09,1.26,0.38,2.02,0.86,1.54
WV,2020-04-10,1.02,0.17,1.74,0.63,1.3
WV,2020-04-11,0.73,0.0,1.41,0.37,1.01
WV,2020-04-12,0.61,0.0,1.35,0.29,0.91
WV,2020-04-13,0.59,0.0,1.37,0.22,0.85
WV,2020-04-14,0.74,0.0,1.49,0.37,1.04
WV,2020-04-15,0.87,0.04,1.62,0.47000000000000003,1.17
WV,2020-04-16,1.02,0.12,1.78,0.6,1.32
WV,2020-04-17,1.1300000000000001,0.24,1.93,0.72,1.44
WV,2020-04-18,1.18,0.25,1.94,0.77,1.48
WV,2020-04-19,1.05,0.16,1.79,0.62,1.32
WV,2020-04-20,0.9500000000000001,0.09,1.67,0.53,1.22
WV,2020-04-21,0.8200000000000001,0.05,1.55,0.38,1.06
WV,2020-04-22,0.6900000000000001,0.0,1.43,0.36,1.01
WV,2020-04-23,0.48,0.0,1.29,0.12,0.72
WY,2020-03-27,1.67,0.0,4.34,0.38,2.44
WY,2020-03-28,1.3,0.0,3.2600000000000002,0.32,1.85
WY,2020-03-29,1.1300000000000001,0.0,2.8000000000000003,0.33,1.6400000000000001
WY,2020-03-30,1.27,0.0,2.67,0.52,1.76
WY,2020-03-31,1.48,0.08,2.73,0.75,1.95
WY,2020-04-01,1.58,0.2,2.77,0.92,2.05
WY,2020-04-02,1.54,0.22,2.65,0.89,1.95
WY,2020-04-03,1.42,0.2,2.48,0.9,1.8900000000000001
WY,2020-04-04,1.26,0.14,2.27,0.67,1.62
WY,2020-04-05,1.05,0.01,1.98,0.49,1.3900000000000001
WY,2020-04-06,0.74,0.0,1.76,0.28,1.1
WY,2020-04-07,0.73,0.0,1.77,0.28,1.1
WY,2020-04-08,0.63,0.0,1.72,0.25,1.04
WY,2020-04-09,0.64,0.0,1.74,0.21,1.01
WY,2020-04-10,0.65,0.0,1.75,0.28,1.08
WY,2020-04-11,0.58,0.0,1.7,0.17,0.9500000000000001
WY,2020-04-12,0.59,0.0,1.72,0.17,0.96
WY,2020-04-13,0.54,0.0,1.68,0.16,0.92
WY,2020-04-14,0.49,0.0,1.6400000000000001,0.11,0.85
WY,2020-04-15,0.51,0.0,1.67,0.14,0.89
WY,2020-04-16,0.53,0.0,1.7,0.18,0.9400000000000001
WY,2020-04-17,0.48,0.0,1.6600000000000001,0.12,0.86
WY,2020-04-18,0.5,0.0,1.69,0.17,0.92
WY,2020-04-19,0.46,0.0,1.6500000000000001,0.11,0.84
WY,2020-04-20,0.48,0.0,1.69,0.09,0.84
WY,2020-04-21,0.49,0.0,1.72,0.13,0.89
WY,2020-04-22,0.46,0.0,1.67,0.07,0.81
WY,2020-04-23,0.47000000000000003,0.0,1.71,0.12,0.87
